カテゴリー,ペルシア語,ローマ字,日本語,英語,備考,レベル
家・家具,باکس,baks,箱,box,,A1
家・家具,پرده,parde,カーテン,curtain,,A1
家・家具,تخته خواب,takhte khab,ベッド,bed,,A1
家・家具,کمد,komod,タンス,closet/wardrobe,,A1
家・家具,رختخواب,rakhtekhab,布団・寝具,bedding,,A1
家・家具,آینه,ayne,鏡,mirror,,A1
家・家具,قالی,ghali,絨毯,carpet/rug,,A1
家・家具,میز تحریر,mize tahrir,机,desk,,A1
家・家具,میز ناهارخوری,mize naharkhari,テーブル,dining table,,A1
家・家具,میز عسلی,mize asali,コーヒーテーブル,coffee table,,A1
家・家具,لامپ / چراغ,lamp / cheragh,電灯・ランプ,lamp/light,,A1
家・家具,رختکن,rakhtkan,クローゼット,closet/wardrobe,,A1
家・家具,کابینت,kabinet,キャビネット,cabinet,,A1
家・家具,یخچال,yakhchal,冷蔵庫,refrigerator,,A1
家・家具,قفسه کتاب,ghafase ketab,本棚,bookshelf,,A1
家・家具,دیوار,divar,壁,wall,,A1
家・家具,مبلمان,mobleman,家具,furniture,,A1
家・家具,سطل زباله / سطل آشغال,satle zobale / satle ashghal,ゴミ箱,trash can,,A1
家・家具,دسته صندلی,daste sandali,アームレスト,armrest,,A1
方角・地理,شمال,shomal,北,north,,A2
方角・地理,جنوب,jonub,南,south,,A2
方角・地理,شرق / خاور,shargh / khavar,東,east,,A2
方角・地理,غرب,gharb,西,west,,A2
方角・地理,جزیره,jazire,島,island,,A2
方角・地理,پایتخت,payetakht,首都,capital city,,A2
自然・天気,بهار,bahar,春,spring,,A2
自然・天気,ابر,abr,雲,cloud,,A2
自然・天気,ابری,abri,曇り,cloudy,,A2
自然・天気,باد,bad,風,wind,,A2
自然・天気,آسمان,aseman,空,sky,,A2
自然・天気,رعد و برق,rad o bargh,雷,thunder & lightning,,A2
自然・天気,تگرگ,tagarg,雹,hail,,A2
自然・天気,مه آلود,meh alud,霧,fog/foggy,,A2
自然・天気,شرجی,sharji,蒸し暑い,humid,,A2
自然・天気,خنک,khonak,涼しい,cool,,A2
自然・天気,هواشناسی,havashenasi,天気予報,weather forecast,,A2
自然・天気,فصل,fasl,季節,season,,A2
自然・天気,جنگل,jangal,森,forest,,A2
自然・天気,آتش / آتیش,atash,火,fire,,A2
自然・天気,باغ,bagh,庭,garden,,A2
自然・天気,حیاط,hayat,庭,yard/courtyard,,A2
衣服,جوراب,jurab,靴下,socks,,A1
衣服,کمربند,kamarband,ベルト,belt,,A1
衣服,کفش ورزشی,kafsh varzeshi,スニーカー,sneakers/sports shoes,,A1
衣服,شلوار,shalvar,ズボン,pants/trousers,,A1
衣服,کلاه,kolah,帽子,hat,,A1
衣服,ژاکت,zhaket,ジャケット,jacket,上着・ボタン付き,A1
衣服,چکمه,chakme,ブーツ,boots,,A1
衣服,پیراهن,pirahan / pirhan,シャツ,shirt,,A1
衣服,روسری,rusari,スカーフ,scarf,,A1
衣服,شال,shal,長いスカーフ,shawl,,A1
衣服,پالتو,palto,オーバーコート,overcoat,,A1
衣服,آستین بلند,astin boland,長袖,long sleeve,,A1
衣服,آستین کوتاه,astin kutah,半袖,short sleeve,,A1
衣服,یقه,yaghe,ネック,neckline/collar,Vネック,A1
衣服,یقه گرد,yaghe gerd,丸首,round neck,,A1
衣服,لباس زیر / زیرپوش,lebas zir / zirpush,下着,underwear,,A1
衣服,یقه خشتی,yaghe khesht,タンクトップ,tank top,,A1
衣服,دامن,daman,スカート,skirt,,A1
衣服,بلوز,boluz,ブラウス,blouse,,A1
衣服,پوشاک,pushak,服（文語体）,clothing (literary),,A1
衣服,پوشک,pushak,おむつ,diaper,,A1
衣服,دمپایی,dampayi,スリッパ,slippers,,A1
身体・外見,قد,ghad,背（身長）,height/stature,,A1
身体・外見,موی صاف,muye saf,ストレートヘア,straight hair,,A1
身体・外見,سبیل,sebil,口ひげ,mustache,,A1
身体・外見,عینک,eynak,めがね,glasses,,A1
身体・外見,عینک آفتابی,eynak aftabi,サングラス,sunglasses,,A1
身体・外見,لاغر,laghar,痩せている,thin/slim,,A1
身体・外見,چاق,chagh,太っている,fat,,A1
身体・外見,گرمایی,garmayi,暑がり,sensitive to heat,,A1
身体・外見,سرمایی,sarmayi,寒がり,sensitive to cold,,A1
家族,عمه,amme,父の姉妹,paternal aunt,,A1
家族,خاله,khale,母の姉妹,maternal aunt,,A1
家族,عمو,amu,父の兄弟,paternal uncle,,A1
家族,دایی,dayi,母の兄弟,maternal uncle,,A1
家族,نوه,nave,孫,grandchild,,A1
家族,دوقلو,dogholu,双子,twins,,A1
家族,برادرزاده,baradarzade,甥,nephew,,A1
家族,داداش,dadash,兄弟（口語）,brother (informal),,A1
家族,آبجی,abji,姉妹（口語）,sister (informal),,A1
家族,حاج خانم,haj khanom,おばあさん（呼び方）,grandmother (respectful),,A1
家族,حاج آقا,haj agha,おじいさん（呼び方）,grandfather (respectful),,A1
家族,همسایه,hamsaye,近所の人,neighbor,,A1
家族,متاهل,motaahel,既婚者,married,,A1
家族,مجرد,mojarrad,独身,single,,A1
職業,خلبان,khalaban,パイロット,pilot,,A2
職業,خبرنگار,khabarnegar,記者,reporter,,A2
職業,روزنامه نگار,ruzname negar,ジャーナリスト,journalist,,A2
職業,تعمیرکار,tamirkar,修理する人,repairman,,A2
職業,آرایشگر,arayeshgar,美容師,hairdresser,,A2
職業,پرستار,parastar,看護師,nurse,,A2
職業,وکیل,vakil,弁護士,lawyer,,A2
職業,مهندس,mohandes,エンジニア,engineer,,A2
職業,عکاس,akkas,写真家,photographer,,A2
職業,خیاط,khayyat,裁縫師,tailor,,A2
職業,گارسون,garson,ウェイター,waiter,,A2
職業,تاجر,tajer,ビジネスマン,businessman/merchant,,A2
場所・建物,مسجد,masjed,モスク,mosque,,A2
場所・建物,برج,borj,タワー,tower,,A2
場所・建物,موزه,muze,美術館・博物館,museum,,A2
場所・建物,ایستگاه,istgah,駅,station,,A2
場所・建物,آپارتمان,aparteman,マンション,apartment,,A2
場所・建物,خوابگاه,khabgah,寮,dormitory,,A2
場所・建物,مهد کودک,mahde kudak,保育園・幼稚園,kindergarten/nursery,,A2
場所・建物,زایشگاه,zayeshgah,産婦人科,maternity hospital,,A2
場所・建物,آسانسور,asansor,エレベーター,elevator,,A2
形容詞,وسیع,vasi,広い,wide/vast,,B1
形容詞,تند,tond,速い,fast,,B1
形容詞,کند,kond,遅い,slow,,B1
形容詞,جدید,jadid,新しい,new,,B1
形容詞,روشن,roshan,明るい,bright,,B1
形容詞,تاریک,tarik,暗い,dark,,B1
形容詞,ترسناک,tarsnak,怖い,scary,,B1
形容詞,تمیز,tamiz,きれい,clean,,B1
形容詞,مفید,mofid,役に立つ,useful,,B1
形容詞,ناراحت,narahat,悲しい・不便な,sad/uncomfortable,,B1
形容詞,مناسب,monaseb,適当な,suitable/appropriate,,B1
形容詞,خلوت,khalvat,静かな,quiet/secluded,,B1
形容詞,ضخیم,zakhim,分厚い,thick,,B1
形容詞,قطور,ghatur,分厚い（アラビア語由来）,thick (Arabic origin),,B1
形容詞,گرد,gerd,丸い,round,,B1
形容詞,آزاد,azad,暇・自由,free,,B1
形容詞,معتدل,motadel,温帯の,temperate,,B1
形容詞,صحیح,sahih,正しい（文語）,correct (written),,B1
形容詞,آسان / راحت,asan / rahat,簡単,easy,,B1
形容詞,مهم,mohem,重要,important,,B1
形容詞,درشت,dorosht,大きい・粗い,large/coarse,,B1
形容詞,خندان,khandan,笑顔の・明るい,smiling/cheerful,,B1
形容詞,دور,dur,遠い,far,,B1
形容詞,پر سر و صدا / شلوغ,por sar o seda / sholugh,騒がしい,noisy/crowded,,B1
形容詞,رنگارنگ,rangarang,色々・カラフル,colorful,,B1
副詞・表現,بسیار,besiyar,とても,very much,= خیلی,B1
副詞・表現,تقریبا,taghriban,大体,approximately,,B1
副詞・表現,اخیرا,akhiran,最近,recently,,B1
副詞・表現,زود,zud,早く,early/quickly,,B1
副詞・表現,مثل همیشه,mesle hamishe,いつも通り,as always,,B1
副詞・表現,در واقع,dar vaghe,実は,in fact,,B1
副詞・表現,تنها,tanha,一人で,alone,,B1
副詞・表現,به نظر میاد,be nazar miad,〜そうです・〜に見える,it seems like,,B1
副詞・表現,بعلاوه,be alave,さらに,moreover,,B1
副詞・表現,خوش به حال شما,khosh be hale shoma,よかったね,good for you,,B1
副詞・表現,چاره ای نیست,charei nist,しょうがない,there's no choice,,B1
副詞・表現,نمیشه کاری کرد,nemishe kari kard,しょうがない,nothing can be done,,B1
副詞・表現,این چه وضعیه,in che vaz'iye,どうしてこうなってる,what's going on,,B1
時間,پارسال / سال پیش / سال قبل,parsal / sale pish / sale ghabl,去年,last year,,A2
時間,پریروز,pariruz,おととい,day before yesterday,,A2
時間,پس فردا,pas farda,明後日,day after tomorrow,,A2
時間,دوره,dore,時代,era/period,,A2
カレンダー,تقویم شمسی,taghvime shamsi,イラン暦,Iranian solar calendar,,A2
カレンダー,تقویم میلادی,taghvime miladi,グレゴリオ暦,Gregorian calendar,,A2
カレンダー,تقویم قمری,taghvime ghamari,旧暦（イスラム暦）,Islamic lunar calendar,,A2
カレンダー,تقویم,taghvim,カレンダー,calendar,,A2
食べ物・台所,قابلمه,ghablame,鍋,pot,,A1
食べ物・台所,بشقاب,boshghab,皿,plate/dish,,A1
食べ物・台所,ماهی تابه,mahi tabe,フライパン,frying pan,,A1
食べ物・台所,آرد,ard,小麦粉,flour,,A1
食べ物・台所,عسل,asal,はちみつ,honey,,A1
食べ物・台所,خوراکی / خوردنی,khoraki / khordani,食べ物,food/edible,,A1
食べ物・台所,بسته / پاکت,baste / paket,パック・包み,package/packet,,A1
日用品,مسواک,mesvak,歯ブラシ,toothbrush,,A1
日用品,خمیر دندان,khamir dandan,歯磨き粉,toothpaste,,A1
日用品,برس,bores,ブラシ,brush,,A1
日用品,شانه,shane,櫛,comb,,A1
日用品,کوله پشتی,kule poshti,バックパック,backpack,,A1
日用品,حوله,hole,タオル,towel,,A1
日用品,سوزن,suzan,針,needle,,A1
日用品,نخ,nakh,糸,thread,タバコ1本の数え方にも使う,A1
日用品,ماژیک,mazhik,マーカー,marker,,A1
日用品,خط کش,khat kesh,定規,ruler,,A1
日用品,ساعت مچی,saat mochi,腕時計,wristwatch,,A1
日用品,دفتر,daftar,ノート,notebook,,A1
日用品,چتر,chatr,傘,umbrella,,A1
日用品,آلبوم,albom,アルバム,album,,A1
日用品,جعبه,jabe,箱,box,,A1
日用品,تلفن همراه / موبایل,telefone hamrah / mobail,携帯電話,mobile phone,,A1
動物,نهنگ,nahang,鯨,whale,,A1
動物,فیل,fil,象,elephant,,A1
動物,موش,moosh,ネズミ,mouse/rat,,A1
動物,میمون,meymoon,猿,monkey,,A1
動物,طاووس,tavoos,孔雀,peacock,,A1
動物,کبوتر / کفتر,kabutar / kaftar,鳩,pigeon/dove,,A1
動物,پنگوئن,panguan,ペンギン,penguin,,A1
抽象・概念,مجسمه,mojasame,彫像,statue,,B2
抽象・概念,جسم,jesm,物体,body/thing,,B2
抽象・概念,سایه,saye,影,shadow,,B2
抽象・概念,منظره,manzare,景色・風景,scenery/view,,B2
抽象・概念,مرکز,markaz,センター・中心,center,,B2
抽象・概念,دنیا / جهان,donya / jahan,世界,world,,B2
抽象・概念,کلمه / لغت,kalame / loghat,単語,word,,B2
抽象・概念,قیمت,gheymat,値段,price,,B2
抽象・概念,تخفیف,takhfif,割引,discount,,B2
抽象・概念,نقد,naghd,現金,cash,,B2
抽象・概念,جفت,joft,ペア,pair,,B2
抽象・概念,امتحان,emtehan,試験,exam,,B2
抽象・概念,نظر,nazar,意見,opinion,,B2
抽象・概念,شماره,shomare,番号,number,,B2
抽象・概念,امتیاز,emtiyaz,スコア,score,,B2
抽象・概念,صدا,seda,声・音,sound/voice,,B2
抽象・概念,خطر,khatar,危険,danger,,B2
抽象・概念,وسیله,vasile,道具・もの,tool/thing,,B2
抽象・概念,شی / چیز,shey / chiz,物体・もの,thing/object,,B2
抽象・概念,لکه,lakke,シミ・汚れ,stain,,B2
抽象・概念,وزن,vazn,重さ,weight,,B2
抽象・概念,طلا,tala,金,gold,,B2
抽象・概念,نفت,naft,石油,oil,,B2
抽象・概念,گاز,gaz,ガス,gas,,B2
抽象・概念,تحریم,tahrim,制裁,sanctions,,B2
抽象・概念,مکالمه,mokaleme,会話,conversation,,B2
抽象・概念,درآمد,daramad,収入,income,,B2
抽象・概念,جشنواره / فستیوال,jashnvare / festival,祭り,festival,,B2
抽象・概念,رویداد,ruydad,イベント,event,,B2
抽象・概念,منفی,manfi,マイナス・否定的,negative,,B2
抽象・概念,طبقه,tabaghe,階,floor/story,,B2
抽象・概念,طبقه همکف,tabaghe hamkaf,1階,ground floor,,B2
抽象・概念,گرمایش مرکزی,garmayeshe markazi,セントラルヒーター,central heating,,B2
抽象・概念,تظاهرات,tazahorat,デモ,demonstration/protest,,B2
抽象・概念,سیاسی,siyasi,政治的,political,,B2
抽象・概念,مشروب,mashrub,飲み物・酒,drink/alcohol,,B2
抽象・概念,اشتباه / غلط,eshtebah / ghalat,間違い,mistake/wrong,,B2
抽象・概念,بقیه,baghiye,残りの,the rest,,B2
抽象・概念,غریبه,gharibe,知らない人,stranger,,B2
抽象・概念,همکلاسی,hamkelasi,同級生,classmate,,B2
抽象・概念,کسل کننده,kesel konande,つまらない,boring,,B2
抽象・概念,پرجمعیت,porjamiyat,人口が多い,populated,,B2
抽象・概念,مشکلات گوارشی,moshkelate govareshi,消化器の問題,digestive problems,,B2
抽象・概念,یکبار مصرف,yekbar masraf,使い捨て,disposable,,B2
抽象・概念,سرفه,sorfe,咳,cough,,B2
方向・位置,سمت راست,samte rast,右側,right side,,B1
方向・位置,وسط,vasat,真ん中,middle/center,,B1
方向・位置,روبرو,ru be ru,正面・向かい,facing/opposite,,B1
方向・位置,پیش,pish,前・以前,before/in front of,様々な意味あり,B1
口語表現,آره / باله,are / bale,はい・そうですね,yes (informal),会話の相づち,B1
口語表現,شیطون,sheytun,いたずらっ子,naughty (kids),= شیطان の口語,B1
口語表現,دیگه,dige,他の,other/else (informal),,B1
食べ物,نان,nan,パン,bread,,A1
食べ物,برنج,berenj,米,rice,,A1
食べ物,گوشت,gusht,肉,meat,,A1
食べ物,مرغ,morgh,鶏肉,chicken,,A1
食べ物,ماهی,mahi,魚,fish,,A1
食べ物,تخم مرغ,tokhme morgh,卵,egg,,A1
食べ物,شیر,shir,牛乳,milk,,A1
食べ物,پنیر,panir,チーズ,cheese,,A1
食べ物,کره,kare,バター,butter,,A1
食べ物,ماست,mast,ヨーグルト,yogurt,,A1
食べ物,سیب,sib,りんご,apple,,A1
食べ物,پرتقال,porteqal,オレンジ,orange,,A1
食べ物,موز,moz,バナナ,banana,,A1
食べ物,انگور,angur,ぶどう,grape,,A1
食べ物,هندوانه,hendevane,スイカ,watermelon,,A1
食べ物,خربزه,kharbeze,メロン,melon,,A1
食べ物,گیلاس,gilas,さくらんぼ,cherry,,A1
食べ物,هلو,holu,桃,peach,,A1
食べ物,توت فرنگی,tut farangi,いちご,strawberry,,A1
食べ物,آلو,alu,プラム,plum,,A1
食べ物,لیمو,limu,レモン,lemon,,A1
食べ物,گوجه فرنگی,goje farangi,トマト,tomato,,A1
食べ物,خیار,khiyar,きゅうり,cucumber,,A1
食べ物,سیب زمینی,sib zamini,じゃがいも,potato,,A1
食べ物,پیاز,piyaz,たまねぎ,onion,,A1
食べ物,سیر,sir,にんにく,garlic,,A1
食べ物,هویج,havij,にんじん,carrot,,A1
食べ物,بادمجان,bademjan,なす,eggplant,,A1
食べ物,فلفل,felfel,ピーマン・唐辛子,pepper,,A1
食べ物,کدو,kadu,かぼちゃ,pumpkin/squash,,A1
食べ物,قارچ,gharch,きのこ,mushroom,,A1
食べ物,نمک,namak,塩,salt,,A1
食べ物,فلفل سیاه,felfele siyah,こしょう,black pepper,,A1
食べ物,شکر,shekar,砂糖,sugar,,A1
食べ物,روغن,roghan,油,oil,,A1
食べ物,سرکه,serke,お酢,vinegar,,A1
食べ物,چای,chai,お茶,tea,,A1
食べ物,قهوه,ghahve,コーヒー,coffee,,A1
食べ物,آب,ab,水,water,,A1
食べ物,آب میوه,abe mive,ジュース,juice,,A1
食べ物,دوغ,dugh,ドゥーグ,doogh,イランの乳酸菌飲料,A1
食べ物,زعفران,za'feran,サフラン,saffron,,A1
食べ物,گردو,gerdu,くるみ,walnut,,A1
食べ物,پسته,peste,ピスタチオ,pistachio,,A1
食べ物,بادام,badam,アーモンド,almond,,A1
食べ物,خرما,khorma,ナツメヤシ,date (fruit),,A1
食べ物,انار,anar,ざくろ,pomegranate,,A1
食べ物,زردآلو,zardalu,あんず,apricot,,A1
食べ物,سبزی,sabzi,ハーブ・野菜,herbs/vegetables,,A1
食べ物,نخود,nokhod,ひよこ豆,chickpea,,A1
食べ物,عدس,adas,レンズ豆,lentil,,A1
食べ物,لوبیا,lubiya,豆,bean,,A1
体の部位,سر,sar,頭,head,,A1
体の部位,مو,mu,髪,hair,,A1
体の部位,صورت,surat,顔,face,,A1
体の部位,چشم,cheshm,目,eye,,A1
体の部位,گوش,gush,耳,ear,,A1
体の部位,بینی,bini,鼻,nose,,A1
体の部位,دهان,dahan,口,mouth,,A1
体の部位,لب,lab,唇,lip,,A1
体の部位,دندان,dandan,歯,tooth,,A1
体の部位,زبان,zaban,舌,tongue,,A1
体の部位,گردن,gardan,首,neck,,A1
体の部位,شانه,shane,肩,shoulder,同じ綴りで「櫛」の意味もある,A1
体の部位,دست,dast,手,hand,,A1
体の部位,انگشت,angosht,指,finger,,A1
体の部位,ناخن,nakhon,爪,nail,,A1
体の部位,بازو,bazu,腕,arm,,A1
体の部位,آرنج,aranj,ひじ,elbow,,A1
体の部位,سینه,sine,胸,chest,,A1
体の部位,شکم,shekam,お腹,stomach/belly,,A1
体の部位,کمر,kamar,腰,waist/back,,A1
体の部位,پا,pa,足・脚,foot/leg,,A1
体の部位,زانو,zanu,膝,knee,,A1
体の部位,پشت,posht,背中,back,,A1
体の部位,قلب,ghalb,心臓,heart,,A1
体の部位,ریه,riye,肺,lung,,A1
体の部位,خون,khun,血,blood,,A1
体の部位,استخوان,ostokhan,骨,bone,,A1
体の部位,پوست,pust,肌・皮膚,skin,,A1
体の部位,ابرو,abru,眉毛,eyebrow,,A1
体の部位,مژه,mozhe,まつ毛,eyelash,,A1
色,سفید,sefid,白,white,,A1
色,سیاه,siyah,黒,black,,A1
色,قرمز,ghermez,赤,red,,A1
色,آبی,abi,青,blue,,A1
色,سبز,sabz,緑,green,,A1
色,زرد,zard,黄色,yellow,,A1
色,نارنجی,narenji,オレンジ色,orange,,A1
色,بنفش,banafsh,紫,purple,,A1
色,صورتی,surati,ピンク,pink,,A1
色,قهوه ای,ghahveyi,茶色,brown,,A1
色,خاکستری,khakestari,灰色,gray,,A1
色,طلایی,talayi,金色,golden,,A1
色,نقره ای,noghreyi,銀色,silver,,A1
色,آسمانی,asemani,水色,light blue,,A1
動物,گربه,gorbe,猫,cat,,A1
動物,سگ,sag,犬,dog,,A1
動物,اسب,asb,馬,horse,,A1
動物,گاو,gav,牛,cow,,A1
動物,گوسفند,gusfand,羊,sheep,,A1
動物,بز,boz,ヤギ,goat,,A1
動物,شتر,shotor,ラクダ,camel,,A1
動物,خرگوش,khargush,うさぎ,rabbit,,A1
動物,مار,mar,蛇,snake,,A1
動物,لاک پشت,lak posht,亀,turtle,,A1
動物,پرنده,parande,鳥,bird,,A1
動物,جوجه,juje,ひよこ,chick,,A1
動物,خروس,khorus,おんどり,rooster,,A1
動物,شیر جنگل,shire jangal,ライオン,lion,شیر は牛乳の意味もある,A1
動物,ببر,babr,虎,tiger,,A1
動物,خرس,khers,熊,bear,,A1
動物,روباه,rubah,きつね,fox,,A1
動物,گرگ,gorg,オオカミ,wolf,,A1
動物,عقاب,oghab,鷲,eagle,,A1
動物,زنبور,zanbur,蜂,bee,,A1
動物,پروانه,parvane,蝶,butterfly,,A1
動物,مورچه,murche,蟻,ant,,A1
動物,مگس,magas,ハエ,fly,,A1
曜日,شنبه,shanbe,土曜日,Saturday,,A1
曜日,یکشنبه,yekshanbe,日曜日,Sunday,,A1
曜日,دوشنبه,doshanbe,月曜日,Monday,,A1
曜日,سه شنبه,seshanbe,火曜日,Tuesday,,A1
曜日,چهارشنبه,chaharshanbe,水曜日,Wednesday,,A1
曜日,پنجشنبه,panjshanbe,木曜日,Thursday,,A1
曜日,جمعه,jom'e,金曜日,Friday,イランの休日,A1
月（イラン暦）,فروردین,farvardin,ファルヴァルディーン,Farvardin,1月（3月21日〜）,A1
月（イラン暦）,اردیبهشت,ordibehesht,オルディーベヘシュト,Ordibehesht,2月,A1
月（イラン暦）,خرداد,khordad,ホルダード,Khordad,3月,A1
月（イラン暦）,تیر,tir,ティール,Tir,4月,A1
月（イラン暦）,مرداد,mordad,モルダード,Mordad,5月,A1
月（イラン暦）,شهریور,shahrivar,シャフリーヴァル,Shahrivar,6月,A1
月（イラン暦）,مهر,mehr,メフル,Mehr,7月,A1
月（イラン暦）,آبان,aban,アーバーン,Aban,8月,A1
月（イラン暦）,آذر,azar,アーザル,Azar,9月,A1
月（イラン暦）,دی,dey,デイ,Dey,10月,A1
月（イラン暦）,بهمن,bahman,バフマン,Bahman,11月,A1
月（イラン暦）,اسفند,esfand,エスファンド,Esfand,12月,A1
家族・人,پدر,pedar,父,father,,A1
家族・人,مادر,madar,母,mother,,A1
家族・人,برادر,baradar,兄弟,brother,,A1
家族・人,خواهر,khahar,姉妹,sister,,A1
家族・人,پسر,pesar,息子・男の子,son/boy,,A1
家族・人,دختر,dokhtar,娘・女の子,daughter/girl,,A1
家族・人,پدربزرگ,pedarbozorg,祖父,grandfather,,A1
家族・人,مادربزرگ,madarbozorg,祖母,grandmother,,A1
家族・人,شوهر,showhar,夫,husband,,A1
家族・人,زن,zan,妻・女性,wife/woman,,A1
家族・人,مرد,mard,男性,man,,A1
家族・人,بچه,bache,子ども,child,,A1
家族・人,نوزاد,nowzad,赤ちゃん,baby,,A1
家族・人,دوست,dust,友達,friend,,A1
家族・人,خانواده,khanevade,家族,family,,A1
数字,صفر,sefr,ゼロ,zero,,A1
数字,یک,yek,1,one,,A1
数字,دو,do,2,two,,A1
数字,سه,se,3,three,,A1
数字,چهار,chahar,4,four,,A1
数字,پنج,panj,5,five,,A1
数字,شش,shesh,6,six,,A1
数字,هفت,haft,7,seven,,A1
数字,هشت,hasht,8,eight,,A1
数字,نه,noh,9,nine,,A1
数字,ده,dah,10,ten,,A1
数字,بیست,bist,20,twenty,,A1
数字,سی,si,30,thirty,,A1
数字,چهل,chehel,40,forty,,A1
数字,پنجاه,panjah,50,fifty,,A1
数字,صد,sad,100,hundred,,A1
数字,هزار,hezar,1000,thousand,,A1
数字,میلیون,milyun,100万,million,,A1
基本動詞,رفتن,raftan,行く,to go,,A1
基本動詞,آمدن,amadan,来る,to come,,A1
基本動詞,خوردن,khordan,食べる,to eat,,A1
基本動詞,نوشیدن,nushidan,飲む,to drink,,A1
基本動詞,خوابیدن,khabidan,寝る,to sleep,,A1
基本動詞,بیدار شدن,bidar shodan,起きる,to wake up,,A1
基本動詞,نشستن,neshastan,座る,to sit,,A1
基本動詞,ایستادن,istadan,立つ,to stand,,A1
基本動詞,دیدن,didan,見る,to see,,A1
基本動詞,شنیدن,shenidan,聞く,to hear,,A1
基本動詞,گفتن,goftan,言う,to say,,A1
基本動詞,حرف زدن,harf zadan,話す,to talk,,A1
基本動詞,خواندن,khandan,読む,to read,,A1
基本動詞,نوشتن,neveshtan,書く,to write,,A1
基本動詞,دانستن,danestan,知っている,to know,,A1
基本動詞,فهمیدن,fahmidan,わかる,to understand,,A1
基本動詞,داشتن,dashtan,持っている,to have,,A1
基本動詞,بودن,budan,いる・ある,to be,,A1
基本動詞,کردن,kardan,する,to do,,A1
基本動詞,دادن,dadan,あげる,to give,,A1
基本動詞,گرفتن,gereftan,取る・もらう,to take/receive,,A1
基本動詞,خریدن,kharidan,買う,to buy,,A1
基本動詞,فروختن,foruktan,売る,to sell,,A1
基本動詞,باز کردن,baz kardan,開ける,to open,,A1
基本動詞,بستن,bastan,閉める,to close,,A1
基本動詞,شستن,shostan,洗う,to wash,,A1
基本動詞,پختن,pokhtan,料理する,to cook,,A1
基本動詞,دویدن,davidan,走る,to run,,A1
基本形容詞,خوب,khub,良い,good,,A1
基本形容詞,بد,bad,悪い,bad,,A1
基本形容詞,بزرگ,bozorg,大きい,big,,A1
基本形容詞,کوچک,kuchak,小さい,small,,A1
基本形容詞,زیاد,ziyad,多い,many/much,,A1
基本形容詞,کم,kam,少ない,few/little,,A1
基本形容詞,گرم,garm,暖かい・熱い,warm/hot,,A1
基本形容詞,سرد,sard,冷たい・寒い,cold,,A1
基本形容詞,خوشمزه,khoshmaze,おいしい,delicious,,A1
基本形容詞,قشنگ,ghashang,きれい,beautiful,,A1
基本形容詞,زشت,zesht,醜い,ugly,,A1
基本形容詞,نزدیک,nazdik,近い,near,,A1
基本形容詞,خسته,khaste,疲れた,tired,,A1
基本形容詞,گرسنه,gorosne,お腹が空いた,hungry,,A1
基本形容詞,تشنه,teshne,喉が渇いた,thirsty,,A1
基本形容詞,خوشحال,khoshhal,うれしい,happy,,A1
基本形容詞,سنگین,sangin,重い,heavy,,A1
基本形容詞,سبک,sabok,軽い,light (weight),,A1
基本形容詞,بلند,boland,長い・高い,tall/long,,A1
基本形容詞,کوتاه,kutah,短い・低い,short,,A1
場所,خانه,khane,家,house,,A1
場所,مدرسه,madrase,学校,school,,A1
場所,دانشگاه,daneshgah,大学,university,,A1
場所,بیمارستان,bimarestan,病院,hospital,,A1
場所,فروشگاه,forushgah,お店,store/shop,,A1
場所,بازار,bazar,市場,market/bazaar,,A1
場所,رستوران,resturan,レストラン,restaurant,,A1
場所,پارک,park,公園,park,,A1
場所,خیابان,khiyaban,通り,street,,A1
場所,میدان,meydan,広場,square,,A1
場所,بانک,bank,銀行,bank,,A1
場所,داروخانه,darukhane,薬局,pharmacy,,A1
場所,نانوایی,nanvayi,パン屋,bakery,,A1
場所,کتابخانه,ketabkhane,図書館,library,,A1
場所,حمام,hammam,お風呂,bathroom,,A1
場所,آشپزخانه,ashpazkhane,台所,kitchen,,A1
場所,اتاق,otagh,部屋,room,,A1
場所,اتاق خواب,otaghe khab,寝室,bedroom,,A1
日用品,صابون,sabun,石鹸,soap,,A1
日用品,کلید,kelid,鍵,key,,A1
日用品,قیچی,gheichi,はさみ,scissors,,A1
日用品,کاغذ,kaghaz,紙,paper,,A1
日用品,کتاب,ketab,本,book,,A1
日用品,قلم,ghalam,ペン,pen,,A1
日用品,مداد,medad,鉛筆,pencil,,A1
日用品,پاک کن,pak kon,消しゴム,eraser,,A1
買い物,مغازه,maghaze,店,shop,,A2
買い物,فروشنده,forushande,店員,salesperson,,A2
買い物,مشتری,moshtari,客,customer,,A2
買い物,پول,pul,お金,money,,A2
買い物,تومان,toman,トマーン,toman,イランの通貨単位,A2
買い物,ریال,riyal,リアル,rial,公式通貨単位,A2
買い物,صندوق,sanduq,レジ,cashier/register,,A2
買い物,رسید,resid,レシート,receipt,,A2
買い物,کارت بانکی,karte banki,銀行カード,bank card,,A2
買い物,ارزان,arzan,安い,cheap,,A2
買い物,گران,geran,高い（値段）,expensive,,A2
買い物,حراج,haraj,セール,sale,,A2
買い物,سایز,sayz,サイズ,size,,A2
買い物,امتحان کردن,emtehan kardan,試す,to try,,A2
買い物,جنس,jens,品質・素材,quality/material,,A2
買い物,سبد خرید,sabade kharid,買い物かご,shopping basket,,A2
買い物,مرکز خرید,markaze kharid,ショッピングモール,shopping mall,,A2
交通,ماشین,mashin,車,car,,A2
交通,اتوبوس,otobus,バス,bus,,A2
交通,قطار,ghetar,電車,train,,A2
交通,مترو,metro,地下鉄,metro/subway,,A2
交通,تاکسی,taksi,タクシー,taxi,,A2
交通,هواپیما,havapeyma,飛行機,airplane,,A2
交通,دوچرخه,docharakhe,自転車,bicycle,,A2
交通,موتور,motor,バイク,motorcycle,,A2
交通,کشتی,kashti,船,ship,,A2
交通,فرودگاه,forudgah,空港,airport,,A2
交通,بلیت / بلیط,bilit,チケット,ticket,,A2
交通,راننده,ranande,運転手,driver,,A2
交通,ترافیک,terafik,渋滞,traffic,,A2
交通,بنزین,benzin,ガソリン,gasoline,,A2
交通,پارکینگ,parking,駐車場,parking lot,,A2
交通,چراغ قرمز,cheraghe ghermez,信号,traffic light,,A2
交通,خط عابر,khatte aber,横断歩道,crosswalk,,A2
交通,گواهینامه,govahiname,免許証,driver's license,,A2
交通,جاده,jade,道路,road,,A2
交通,پل,pol,橋,bridge,,A2
感情・気持ち,عشق,eshgh,愛,love,,A2
感情・気持ち,خوشبختی,khoshbakhti,幸福,happiness,,A2
感情・気持ち,غم,gham,悲しみ,sadness,,A2
感情・気持ち,ترس,tars,恐怖,fear,,A2
感情・気持ち,عصبانی,asabani,怒っている,angry,,A2
感情・気持ち,غمگین,ghamgin,悲しい,sad,,A2
感情・気持ち,نگران,negaran,心配な,worried,,A2
感情・気持ち,امیدوار,omidvar,希望に満ちた,hopeful,,A2
感情・気持ち,ناامید,na omid,絶望的な,hopeless,,A2
感情・気持ち,عاشق,ashegh,恋している,in love,,A2
感情・気持ち,تعجب,ta'ajob,驚き,surprise,,A2
感情・気持ち,شرم,sharm,恥ずかしさ,shame,,A2
感情・気持ち,خجالت,khejalat,照れ・恥ずかしさ,embarrassment,,A2
感情・気持ち,حسادت,hasadat,嫉妬,jealousy,,A2
感情・気持ち,دلتنگی,deltangi,寂しさ,longing/nostalgia,,A2
感情・気持ち,آرامش,aramesh,落ち着き,calm/peace,,A2
感情・気持ち,هیجان,hayajan,興奮,excitement,,A2
感情・気持ち,راضی,razi,満足している,satisfied,,A2
趣味・スポーツ,فوتبال,futbal,サッカー,soccer/football,,A2
趣味・スポーツ,والیبال,valibal,バレーボール,volleyball,,A2
趣味・スポーツ,بسکتبال,basketbal,バスケットボール,basketball,,A2
趣味・スポーツ,شنا,shena,水泳,swimming,,A2
趣味・スポーツ,کوهنوردی,kuhnavardi,登山,mountain climbing,,A2
趣味・スポーツ,اسکی,eski,スキー,skiing,,A2
趣味・スポーツ,ورزش,varzesh,運動・スポーツ,exercise/sport,,A2
趣味・スポーツ,باشگاه,bashgah,ジム・クラブ,gym/club,,A2
趣味・スポーツ,سینما,sinema,映画館,cinema,,A2
趣味・スポーツ,فیلم,film,映画,film/movie,,A2
趣味・スポーツ,موسیقی,musighi,音楽,music,,A2
趣味・スポーツ,آهنگ,ahang,歌・曲,song,,A2
趣味・スポーツ,نقاشی,naghashi,絵画,painting,,A2
趣味・スポーツ,عکس,aks,写真,photo,,A2
趣味・スポーツ,کتاب خواندن,ketab khandan,読書,reading books,,A2
趣味・スポーツ,سفر,safar,旅行,travel,,A2
趣味・スポーツ,پیاده روی,piaderuyi,散歩,walking,,A2
趣味・スポーツ,دوش,dush,シャワー,shower,,A2
料理,آشپزی,ashpazi,料理すること,cooking,,A2
料理,دستور پخت,dasture pokht,レシピ,recipe,,A2
料理,چلو,chelo,白いご飯,plain rice,,A2
料理,قورمه سبزی,ghorme sabzi,ゴルメサブジー,ghormeh sabzi,イラン代表料理,A2
料理,زرشک پلو,zereshk polo,ゼレシュクポロ,zereshk polo,バーベリーライス,A2
料理,کباب,kabab,ケバブ,kebab,,A2
料理,آش,ash,アーシュ,ash,イラン式スープ,A2
料理,خورشت,khoresh,シチュー,stew,,A2
料理,سالاد,salad,サラダ,salad,,A2
料理,سوپ,sup,スープ,soup,,A2
料理,دسر / دسرت,deser / desert,デザート,dessert,,A2
料理,بستنی,bastani,アイスクリーム,ice cream,,A2
料理,شیرینی,shirini,お菓子,sweets/pastry,,A2
料理,کیک,keyk,ケーキ,cake,,A2
料理,قاشق,ghashogh,スプーン,spoon,,A2
料理,چنگال,changal,フォーク,fork,,A2
料理,چاقو,chaghu,ナイフ,knife,,A2
料理,لیوان,livan,コップ,glass (cup),,A2
料理,فنجان,fenjan,カップ,cup,,A2
料理,سینی,sini,お盆,tray,,A2
料理,سماور,samovar,サモワール,samovar,お茶を沸かす器具,A2
旅行,گذرنامه,gozarname,パスポート,passport,,A2
旅行,ویزا,viza,ビザ,visa,,A2
旅行,هتل,hotel,ホテル,hotel,,A2
旅行,مهمانخانه,mehmankhane,旅館・ゲストハウス,guesthouse,,A2
旅行,نقشه,naghshe,地図,map,,A2
旅行,چمدان,chamedan,スーツケース,suitcase,,A2
旅行,مسافر,mosafer,旅行者,traveler,,A2
旅行,راهنما,rahnama,ガイド,guide,,A2
旅行,یادگاری / سوغاتی,yadegari / soghati,お土産,souvenir,,A2
旅行,عکس گرفتن,aks gereftan,写真を撮る,to take a photo,,A2
旅行,رزرو کردن,rezerv kardan,予約する,to reserve,,A2
旅行,صرافی,sarrafi,両替所,currency exchange,,A2
旅行,گمرک,gomrok,税関,customs,,A2
旅行,ساحل,sahel,海岸,coast/beach,,A2
旅行,دریا,darya,海,sea,,A2
旅行,کوه,kuh,山,mountain,,A2
旅行,رودخانه,rudkhane,川,river,,A2
旅行,دریاچه,daryache,湖,lake,,A2
自然・天気,تابستان,tabestan,夏,summer,,A2
自然・天気,پاییز,payiz,秋,autumn/fall,,A2
自然・天気,زمستان,zemestan,冬,winter,,A2
自然・天気,برف,barf,雪,snow,,A2
自然・天気,باران,baran,雨,rain,,A2
自然・天気,آفتاب,aftab,日差し,sunshine,,A2
自然・天気,خورشید,khorshid,太陽,sun,,A2
自然・天気,ماه,mah,月,moon,,A2
自然・天気,ستاره,setare,星,star,,A2
自然・天気,درخت,derakht,木,tree,,A2
自然・天気,گل,gol,花,flower,,A2
自然・天気,برگ,barg,葉,leaf,,A2
自然・天気,سنگ,sang,石,stone,,A2
自然・天気,خاک,khak,土,soil/earth,,A2
自然・天気,زلزله,zelzele,地震,earthquake,,A2
自然・天気,سیل,seyl,洪水,flood,,A2
時間,ساعت,saat,時間・時計,hour/clock,,A2
時間,دقیقه,daghighe,分,minute,,A2
時間,ثانیه,saniye,秒,second,,A2
時間,امروز,emruz,今日,today,,A2
時間,فردا,farda,明日,tomorrow,,A2
時間,دیروز,diruz,昨日,yesterday,,A2
時間,الان,alan,今,now,,A2
時間,صبح,sobh,朝,morning,,A2
時間,ظهر,zohr,昼,noon,,A2
時間,عصر,asr,午後,afternoon,,A2
時間,شب,shab,夜,night,,A2
時間,هفته,hafte,週,week,,A2
時間,ماهانه,mahane,毎月,monthly,,A2
時間,سال,sal,年,year,,A2
抽象概念,فکر,fekr,考え,thought/idea,,B1
抽象概念,عقل,aghl,理性,reason/intellect,,B1
抽象概念,تجربه,tajrobe,経験,experience,,B1
抽象概念,حقیقت,haghighat,真実,truth,,B1
抽象概念,دروغ,doruq,嘘,lie,,B1
抽象概念,امکان,emkan,可能性,possibility,,B1
抽象概念,فرصت,forsat,機会,opportunity,,B1
抽象概念,مشکل,moshkel,問題,problem,,B1
抽象概念,راه حل,rahe hal,解決策,solution,,B1
抽象概念,هدف,hadaf,目標,goal/target,,B1
抽象概念,تصمیم,tasmim,決定,decision,,B1
抽象概念,تغییر,taghyir,変化,change,,B1
抽象概念,پیشرفت,pishraft,進歩,progress,,B1
抽象概念,موفقیت,movafaghiyat,成功,success,,B1
抽象概念,شکست,shekast,失敗,failure,,B1
抽象概念,آرزو,arezu,願い・夢,wish/dream,,B1
抽象概念,اعتماد,etemad,信頼,trust,,B1
抽象概念,احترام,ehteram,尊敬,respect,,B1
抽象概念,مسئولیت,masuliyat,責任,responsibility,,B1
抽象概念,آینده,ayande,未来,future,,B1
抽象概念,گذشته,gozashte,過去,past,,B1
抽象概念,خاطره,khatere,思い出,memory,,B1
抽象概念,دانش,danesh,知識,knowledge,,B1
抽象概念,قدرت,ghodrat,力,power,,B1
抽象概念,ثروت,servat,富,wealth,,B1
社会・政治,دولت,dowlat,政府,government,,B1
社会・政治,قانون,ghanun,法律,law,,B1
社会・政治,حق,hagh,権利,right,,B1
社会・政治,آزادی,azadi,自由,freedom,,B1
社会・政治,انتخابات,entekhabbat,選挙,election,,B1
社会・政治,رای,ray,票・投票,vote,,B1
社会・政治,مجلس,majles,国会,parliament,,B1
社会・政治,رئیس جمهور,raees jomhur,大統領,president,,B1
社会・政治,صلح,solh,平和,peace,,B1
社会・政治,جنگ,jang,戦争,war,,B1
社会・政治,مردم,mardom,人々・国民,people,,B1
社会・政治,جامعه,jame'e,社会,society,,B1
社会・政治,فرهنگ,farhang,文化,culture,,B1
社会・政治,سنت,sonnat,伝統,tradition,,B1
社会・政治,دین,din,宗教,religion,,B1
社会・政治,ملت,mellat,国民,nation,,B1
社会・政治,مالیات,maliyat,税金,tax,,B1
教育,درس,dars,授業・課,lesson,,B1
教育,معلم,moalem,教師,teacher,,B1
教育,دانش آموز,danesh amuz,生徒,student (school),,B1
教育,دانشجو,daneshjoo,大学生,university student,,B1
教育,استاد,ostad,教授,professor,,B1
教育,کلاس,kelas,クラス,class,,B1
教育,تکلیف,taklif,宿題,homework,,B1
教育,نمره,nomre,成績,grade/mark,,B1
教育,دیپلم,diplom,卒業証書,diploma,,B1
教育,مدرک,madrak,資格・学位,degree/certificate,,B1
教育,رشته,reshte,専攻,major/field,,B1
教育,علم,elm,科学・学問,science,,B1
教育,تحقیق,tahghigh,研究,research,,B1
教育,یاد گرفتن,yad gereftan,学ぶ,to learn,,B1
教育,یاد دادن,yad dadan,教える,to teach,,B1
教育,تمرین,tamrin,練習,practice,,B1
医療・健康,دکتر / پزشک,doktor / pezeshk,医者,doctor,,B1
医療・健康,دارو,daru,薬,medicine,,B1
医療・健康,بیمار,bimar,病人,patient/sick,,B1
医療・健康,بیماری,bimari,病気,disease/illness,,B1
医療・健康,درد,dard,痛み,pain,,B1
医療・健康,سردرد,sardard,頭痛,headache,,B1
医療・健康,تب,tab,熱,fever,,B1
医療・健康,سرماخوردگی,sarma khordegi,風邪,cold (illness),,B1
医療・健康,آنفلوآنزا,anfuluanza,インフルエンザ,influenza,,B1
医療・健康,آلرژی,alerji,アレルギー,allergy,,B1
医療・健康,عمل جراحی,amale jarrahi,手術,surgery,,B1
医療・健康,آزمایش,azmayesh,検査,test/examination,,B1
医療・健康,نسخه,noskheh,処方箋,prescription,,B1
医療・健康,سلامتی,salamati,健康,health,,B1
医療・健康,ورزش کردن,varzesh kardan,運動する,to exercise,,B1
医療・健康,رژیم,rezhim,ダイエット,diet,,B1
医療・健康,وزن کم کردن,vazn kam kardan,痩せる,to lose weight,,B1
医療・健康,فشار خون,feshare khun,血圧,blood pressure,,B1
医療・健康,قند خون,ghande khun,血糖値,blood sugar,,B1
医療・健康,دندانپزشک,dandanpezeshk,歯医者,dentist,,B1
医療・健康,چشم پزشک,cheshm pezeshk,眼科医,eye doctor,,B1
ビジネス基礎,شرکت,sherkat,会社,company,,B1
ビジネス基礎,کار,kar,仕事,work/job,,B1
ビジネス基礎,حقوق,hoghuqh,給料,salary,,B1
ビジネス基礎,رئیس,raees,上司・社長,boss/director,,B1
ビジネス基礎,همکار,hamkar,同僚,colleague,,B1
ビジネス基礎,جلسه,jalase,会議,meeting,,B1
ビジネス基礎,قرارداد,gharardad,契約,contract,,B1
ビジネス基礎,پروژه,prozhe,プロジェクト,project,,B1
ビジネス基礎,مدیر,modir,マネージャー,manager,,B1
ビジネス基礎,بیکار,bikar,失業中の,unemployed,,B1
ビジネス基礎,استخدام,estekhdamm,雇用,employment,,B1
ビジネス基礎,مصاحبه,mosahebe,面接,interview,,B1
ビジネス基礎,تجارت,tejarat,ビジネス・商売,trade/business,,B1
ビジネス基礎,سود,sud,利益,profit,,B1
ビジネス基礎,ضرر,zarar,損失,loss,,B1
ビジネス上級,سرمایه گذاری,sarmaye gozari,投資,investment,,B2
ビジネス上級,بازار بورس,bazare burs,株式市場,stock market,,B2
ビジネス上級,سهام,saham,株式,shares/stocks,,B2
ビジネス上級,بودجه,budje,予算,budget,,B2
ビジネス上級,تورم,tavarrom,インフレ,inflation,,B2
ビジネス上級,بیکاری,bikari,失業,unemployment,,B2
ビジネス上級,صادرات,saderat,輸出,export,,B2
ビジネス上級,واردات,varedat,輸入,import,,B2
ビジネス上級,ارز,arz,外貨,foreign currency,,B2
ビジネス上級,نرخ,nerkh,レート・率,rate,,B2
ビジネス上級,بانک مرکزی,banke markazi,中央銀行,central bank,,B2
ビジネス上級,وام,vam,ローン・融資,loan,,B2
ビジネス上級,بیمه,bime,保険,insurance,,B2
ビジネス上級,مالکیت,malekiyat,所有権,ownership,,B2
ビジネス上級,شراکت,sherakat,提携・パートナーシップ,partnership,,B2
学術,مقاله,maghale,論文・記事,article/paper,,B2
学術,پایان نامه,payan name,卒業論文,thesis,,B2
学術,کنفرانس,konferans,学会・会議,conference,,B2
学術,نتیجه,natije,結果,result,,B2
学術,روش,ravesh,方法,method,,B2
学術,نظریه,nazariye,理論,theory,,B2
学術,فرضیه,farziye,仮説,hypothesis,,B2
学術,آمار,amar,統計,statistics,,B2
学術,تحلیل,tahlil,分析,analysis,,B2
学術,منبع,manba,出典・資料,source/reference,,B2
学術,ترجمه,tarjome,翻訳,translation,,B2
学術,نویسنده,nevisande,著者,author/writer,,B2
学術,ویراستار,virastar,編集者,editor,,B2
学術,چاپ,chap,出版,publication/print,,B2
学術,آزمایشگاه,azmayeshgah,研究室・実験室,laboratory,,B2
メディア・テクノロジー,اینترنت,internet,インターネット,internet,,B2
メディア・テクノロジー,کامپیوتر,kampyuter,コンピューター,computer,,B2
メディア・テクノロジー,لپ تاپ,laptop,ノートパソコン,laptop,,B2
メディア・テクノロジー,گوشی,gushi,スマートフォン,smartphone,,B2
メディア・テクノロジー,برنامه,barname,アプリ・プログラム,app/program,,B2
メディア・テクノロジー,وب سایت,vebsayt,ウェブサイト,website,,B2
メディア・テクノロジー,شبکه اجتماعی,shabakeye ejtemai,SNS,social network,,B2
メディア・テクノロジー,پیام,payam,メッセージ,message,,B2
メディア・テクノロジー,ایمیل,imeyl,メール,email,,B2
メディア・テクノロジー,روزنامه,ruzname,新聞,newspaper,,B2
メディア・テクノロジー,مجله,majale,雑誌,magazine,,B2
メディア・テクノロジー,خبر,khabar,ニュース,news,,B2
メディア・テクノロジー,تبلیغات,tablighat,広告,advertisement,,B2
メディア・テクノロジー,هوش مصنوعی,hushe masnui,人工知能,artificial intelligence,,B2
メディア・テクノロジー,فناوری,fanavari,テクノロジー,technology,,B2
メディア・テクノロジー,داده,dade,データ,data,,B2
メディア・テクノロジー,رمز عبور,ramze obur,パスワード,password,,B2
メディア・テクノロジー,دانلود,danlod,ダウンロード,download,,B2
メディア・テクノロジー,آپلود,aplod,アップロード,upload,,B2
メディア・テクノロジー,چاپگر,chapgar,プリンター,printer,,B2
交通,بزرگراه,bozorgrah,高速道路,highway,,A2
交通,تصادف,tasadof,事故,accident,,A2
交通,عابر پیاده,abere piyade,歩行者,pedestrian,,A2
交通,کمربند ایمنی,kamarband imeni,シートベルト,seat belt,,A2
交通,تقاطع,taghatoe,交差点,intersection,,A2
交通,ایستگاه اتوبوس,istgahe otobus,バス停,bus stop,,A2
交通,پمپ بنزین,pompe benzin,ガソリンスタンド,gas station,,A2
交通,تابلو راهنمایی,tabloe rahnemayi,道路標識,road sign,,A2
交通,دور زدن,dor zadan,Uターンする,to make a U-turn,,A2
交通,پیچیدن,pichidan,曲がる,to turn,,A2
買い物,بارکد,barkod,バーコード,barcode,,A2
買い物,ضمانت,zemanat,保証,warranty,,A2
買い物,تعویض,taviz,交換,exchange/replacement,,A2
買い物,پلاستیک,pelastik,ビニール袋,plastic bag,,A2
買い物,صف,saf,列・行列,queue/line,,A2
買い物,نوبت,nobat,順番,turn/order,,A2
趣味・スポーツ,تنیس,tenis,テニス,tennis,,A2
趣味・スポーツ,بدمینتون,badminton,バドミントン,badminton,,A2
趣味・スポーツ,یوگا,yoga,ヨガ,yoga,,A2
趣味・スポーツ,بازی,bazi,ゲーム・遊び,game/play,,A2
趣味・スポーツ,مسابقه,mosabeghe,試合・競争,match/competition,,A2
趣味・スポーツ,تیم,tim,チーム,team,,A2
趣味・スポーツ,برنده,barande,勝者,winner,,A2
趣味・スポーツ,بازنده,bazande,敗者,loser,,A2
趣味・スポーツ,گل زدن,gol zadan,ゴールを決める,to score a goal,,A2
趣味・スポーツ,تماشاگر,tamashagar,観客,spectator,,A2
趣味・スポーツ,ورزشگاه,varzeshgah,スタジアム,stadium,,A2
趣味・スポーツ,آواز خواندن,avaz khandan,歌うこと,singing,,A2
趣味・スポーツ,رقص,raghs,ダンス,dance,,A2
趣味・スポーツ,شطرنج,shatranj,チェス,chess,,A2
趣味・スポーツ,باغبانی,baghbani,ガーデニング,gardening,,A2
趣味・スポーツ,ماهیگیری,mahigiri,釣り,fishing,,A2
趣味・スポーツ,دوچرخه سواری,docharakhe savari,サイクリング,cycling,,A2
方角・地理,استان,ostan,州,province,,A2
方角・地理,شهرستان,shahrestan,郡,county/district,,A2
方角・地理,روستا,rusta,村,village,,A2
方角・地理,مرز,marz,国境,border,,A2
方角・地理,بیابان,biyaban,砂漠,desert,,A2
方角・地理,دشت,dasht,平原,plain,,A2
方角・地理,دره,darre,谷,valley,,A2
方角・地理,آبشار,abshar,滝,waterfall,,A2
方角・地理,چشمه,cheshme,泉,spring (water),,A2
方角・地理,خلیج,khalij,湾,gulf,,A2
職業,حسابدار,hesabdar,会計士,accountant,,A2
職業,معمار,memar,建築家,architect,,A2
職業,کشاورز,keshavarze,農家,farmer,,A2
職業,نقاش,naghash,画家,painter,,A2
職業,آتش نشان,atash neshan,消防士,firefighter,,A2
職業,نظامی,nezami,軍人,military personnel,,A2
職業,قاضی,ghazi,裁判官,judge,,A2
職業,ورزشکار,varzeshkar,アスリート,athlete,,A2
場所・建物,کاخ,kakh,宮殿,palace,,A2
場所・建物,قبرستان,ghabrestan,墓地,cemetery,,A2
場所・建物,انبار,anbar,倉庫,warehouse,,A2
場所・建物,زیرزمین,zirzamin,地下室,basement,,A2
場所・建物,بالکن,balkon,バルコニー,balcony,,A2
場所・建物,پله,pelle,階段,stairs,,A2
場所・建物,پشت بام,poshte bam,屋上,rooftop,,A2
場所・建物,حیاط خلوت,hayate khalvat,中庭,inner courtyard,,A2
社会,وظیفه,vazife,義務,duty,,B1
社会,تکلیف شهروندی,taklife shahrvandi,市民の義務,civic duty,,B1
社会,عدالت,edalat,正義,justice,,B1
社会,برابری,barabari,平等,equality,,B1
社会,تبعیض,tab'iz,差別,discrimination,,B1
社会,حقوق بشر,hoghuqhe bashar,人権,human rights,,B1
社会,شهروند,shahrvand,市民,citizen,,B1
社会,مهاجرت,mohajerat,移民,immigration,,B1
社会,پناهنده,panahande,難民,refugee,,B1
社会,فقر,faghr,貧困,poverty,,B1
社会,بحران,bohran,危機,crisis,,B1
社会,اعتراض,eteraz,抗議,protest,,B1
社会,رسانه,resane,メディア,media,,B1
社会,افکار عمومی,afkare omumi,世論,public opinion,,B1
社会,جرم,jorm,犯罪,crime,,B1
社会,زندان,zendan,刑務所,prison,,B1
社会,پلیس,polis,警察,police,,B1
社会,دادگاه,dadgah,裁判所,court,,B1
教育,بورسیه,bursiye,奨学金,scholarship,,B1
教育,فارغ التحصیل,fareghotahsil,卒業生,graduate,,B1
教育,ثبت نام,sabte nam,登録・入学手続き,enrollment/registration,,B1
教育,ترم,term,学期,semester,,B1
教育,امتحان نهایی,emtehane nehayi,期末試験,final exam,,B1
教育,کارنامه,karname,成績表,report card,,B1
教育,حضور و غیاب,hozur o ghiyab,出欠,attendance,,B1
教育,کنکور,konkur,大学入試,university entrance exam,イラン全国統一試験,B1
教育,سواد,savad,リテラシー,literacy,,B1
教育,آموزش,amuzesh,教育・訓練,education/training,,B1
医療・健康,واکسن,vaksan,ワクチン,vaccine,,B1
医療・健康,آمبولانس,ambulans,救急車,ambulance,,B1
医療・健康,اورژانس,orzhans,救急,emergency,,B1
医療・健康,پانسمان,panseman,包帯・手当て,bandage/dressing,,B1
医療・健康,ویروس,virus,ウイルス,virus,,B1
医療・健康,عفونت,ofunat,感染,infection,,B1
医療・健康,معاینه,moayene,診察,examination,,B1
医療・健康,اشعه ایکس,eshe iks,レントゲン,X-ray,,B1
医療・健康,روانپزشک,ravanpezeshk,精神科医,psychiatrist,,B1
医療・健康,روانشناس,ravanshenase,心理学者,psychologist,,B1
環境,آلودگی,aludegi,汚染,pollution,,B1
環境,محیط زیست,mohite zist,環境,environment,,B1
環境,بازیافت,bazyaft,リサイクル,recycling,,B1
環境,انرژی,enerji,エネルギー,energy,,B1
環境,انرژی خورشیدی,enerjiye khorshidi,太陽エネルギー,solar energy,,B1
環境,آب و هوا,ab o hava,気候,climate,,B1
環境,گرمایش جهانی,garmayeshe jahani,地球温暖化,global warming,,B1
環境,زباله,zobale,ゴミ,garbage/waste,,B1
環境,جنگل زدایی,jangal zodayi,森林破壊,deforestation,,B1
環境,خشکسالی,khoshksali,干ばつ,drought,,B1
環境,منابع طبیعی,manabe'e tabi'i,天然資源,natural resources,,B1
環境,گونه های در معرض انقراض,guneha dar ma'raze engheraz,絶滅危惧種,endangered species,,B1
環境,اکوسیستم,ekosistem,生態系,ecosystem,,B1
環境,تنوع زیستی,tanavvo'e zisti,生物多様性,biodiversity,,B1
環境,کربن,karbon,炭素,carbon,,B1
経済,اقتصاد,eghtesad,経済,economy,,B2
経済,تولید ناخالص داخلی,tolide nakhales dakheli,GDP,gross domestic product,,B2
経済,رکود,rokud,不況,recession,,B2
経済,رشد اقتصادی,roshde eghtesadi,経済成長,economic growth,,B2
経済,بازار آزاد,bazare azad,自由市場,free market,,B2
経済,عرضه و تقاضا,arze va taghaza,需要と供給,supply and demand,,B2
経済,سرمایه,sarmaye,資本,capital,,B2
経済,کارآفرینی,karafarini,起業,entrepreneurship,,B2
経済,خصوصی سازی,khosusisazi,民営化,privatization,,B2
経済,یارانه,yarane,補助金,subsidy,,B2
経済,بدهی,bedehi,負債,debt,,B2
経済,ذخیره,zakhire,備蓄・貯蓄,reserve/savings,,B2
経済,بهره,bahre,利子,interest (financial),,B2
経済,سپرده,seporde,預金,deposit,,B2
経済,رقابت,reghabad,競争,competition,,B2
経済,انحصار,enhenar,独占,monopoly,,B2
経済,تجارت آزاد,tejarate azad,自由貿易,free trade,,B2
経済,تعرفه,ta'refe,関税,tariff,,B2
心理,احساس,ehsas,感情・感覚,feeling/sensation,,B2
心理,استرس,esteres,ストレス,stress,,B2
心理,اضطراب,ezterab,不安,anxiety,,B2
心理,افسردگی,afsordegi,うつ,depression,,B2
心理,آگاهی,agahi,意識・認識,awareness,,B2
心理,رفتار,raftar,行動,behavior,,B2
心理,شخصیت,shakhsiyat,性格・人格,personality,,B2
心理,انگیزه,angize,動機,motivation,,B2
心理,خودباوری,khodvavari,自信,self-confidence,,B2
心理,همدلی,hamdeli,共感,empathy,,B2
心理,خودشناسی,khodshenasi,自己認識,self-awareness,,B2
心理,ناخودآگاه,nakhodagah,無意識,unconscious,,B2
心理,حافظه,hafeze,記憶力,memory (faculty),,B2
心理,تمرکز,tamarkoz,集中力,concentration,,B2
心理,وسواس,vasvas,強迫観念,obsession,,B2
メディア,خبرگزاری,khabargozari,通信社,news agency,,B2
メディア,گزارش,gozaresh,レポート・報告,report,,B2
メディア,مستند,mostanad,ドキュメンタリー,documentary,,B2
メディア,پادکست,padkast,ポッドキャスト,podcast,,B2
メディア,سانسور,sansur,検閲,censorship,,B2
メディア,مصاحبه مطبوعاتی,mosahebe matbu'ati,記者会見,press conference,,B2
メディア,افکار سنجی,afkarsanji,世論調査,opinion poll,,B2
メディア,سردبیر,sardabir,編集長,editor-in-chief,,B2
メディア,ستون نویس,sotun nevis,コラムニスト,columnist,,B2
メディア,مخاطب,mokhatab,視聴者・読者,audience,,B2
学術,پژوهش,pazhuhesh,研究,research (formal),,C1
学術,پژوهشگر,pazhuheshgar,研究者,researcher,,C1
学術,رساله,resale,学位論文,dissertation,,C1
学術,روش شناسی,ravesh shenasi,方法論,methodology,,C1
学術,چارچوب نظری,charchube nazari,理論的枠組み,theoretical framework,,C1
学術,فراتحلیل,faratahlil,メタ分析,meta-analysis,,C1
学術,متغیر,motaghayyer,変数,variable,,C1
学術,نمونه گیری,nemune giri,サンプリング,sampling,,C1
学術,یافته ها,yafteha,研究結果,findings,,C1
学術,مرور ادبیات,morure adabiyat,文献レビュー,literature review,,C1
学術,همبستگی,hambastegi,相関関係,correlation,,C1
学術,علیت,elliyat,因果関係,causality,,C1
学術,اعتبار,etebar,妥当性,validity,,C1
学術,پایایی,payayi,信頼性,reliability,,C1
学術,ارجاع,erja,引用・参照,citation/reference,,C1
学術,زیرنویس,zirnevis,脚注,footnote,,C1
学術,پیوست,peyvast,付録,appendix,,C1
学術,چکیده,chekide,要旨,abstract (summary),,C1
学術,واژه نامه,vazhenameh,用語集,glossary,,C1
学術,داوری,davari,査読,peer review,,C1
学術,نشریه,nashriye,学術誌,journal/periodical,,C1
学術,استدلال,estedlal,論証,argumentation,,C1
学術,مقدمه,moghaddame,序論,introduction,,C1
学術,نتیجه گیری,natije giri,結論,conclusion,,C1
学術,بحث,bahs,議論,discussion,,C1
法律・政治,قانون اساسی,ghanune asasi,憲法,constitution,,C1
法律・政治,قوه مجریه,ghovveye mojriye,行政府,executive branch,,C1
法律・政治,قوه مقننه,ghovveye moghannene,立法府,legislative branch,,C1
法律・政治,قوه قضاییه,ghovveye ghazayiye,司法府,judicial branch,,C1
法律・政治,حکم,hokm,判決,verdict/ruling,,C1
法律・政治,دادستان,dadestan,検察官,prosecutor,,C1
法律・政治,متهم,mottaham,被告人,accused/defendant,,C1
法律・政治,شاکی,shaki,原告,plaintiff,,C1
法律・政治,دادخواست,dadkhast,訴状,lawsuit/petition,,C1
法律・政治,استیناف,istinaf,控訴,appeal,,C1
法律・政治,حقوق مدنی,hoghuqhe madani,民法,civil law,,C1
法律・政治,حقوق جزا,hoghuqhe jaza,刑法,criminal law,,C1
法律・政治,سفیر,safir,大使,ambassador,,C1
法律・政治,سفارت,sefarat,大使館,embassy,,C1
法律・政治,دیپلماسی,diplomasi,外交,diplomacy,,C1
法律・政治,معاهده,moahede,条約,treaty,,C1
法律・政治,حاکمیت,hakemiyat,主権,sovereignty,,C1
法律・政治,اقلیت,aghalliyat,少数派,minority,,C1
法律・政治,اکثریت,aksariyat,多数派,majority,,C1
法律・政治,لایحه,layehe,法案,bill (legislation),,C1
法律・政治,تصویب,tasvib,承認・可決,ratification/approval,,C1
法律・政治,وتو,veto,拒否権,veto,,C1
法律・政治,استبداد,estebdad,専制政治,despotism,,C1
法律・政治,دموکراسی,demokrasi,民主主義,democracy,,C1
法律・政治,فدرالیسم,federalism,連邦制,federalism,,C1
法律・政治,ائتلاف,e'telaf,連立,coalition,,C1
法律・政治,فراکسیون,feraksiyon,会派,faction/caucus,,C1
法律・政治,رفراندوم,referandom,国民投票,referendum,,C1
法律・政治,تحریم اقتصادی,tahrime eghtesadi,経済制裁,economic sanctions,,C1
法律・政治,امپریالیسم,emperiyalism,帝国主義,imperialism,,C1
ビジネス上級,ادغام,edgham,合併,merger,,C1
ビジネス上級,تملک,tamalok,買収,acquisition,,C1
ビジネス上級,استراتژی,estratezhi,戦略,strategy,,C1
ビジネス上級,سهامدار,sahamdar,株主,shareholder,,C1
ビジネス上級,هیئت مدیره,hey'ate modire,取締役会,board of directors,,C1
ビジネス上級,مدیرعامل,modire amel,CEO,chief executive officer,,C1
ビジネス上級,سرمایه گذار,sarmaye gozar,投資家,investor,,C1
ビジネス上級,بازده,bazdeh,収益率,return/yield,,C1
ビジネス上級,ریسک,risk,リスク,risk,,C1
ビジネス上級,نقدینگی,naghdingegi,流動性,liquidity,,C1
ビジネス上級,دارایی,darayi,資産,asset,,C1
ビジネス上級,بدهکار,bedehkar,債務者,debtor,,C1
ビジネス上級,بستانکار,bestankar,債権者,creditor,,C1
ビジネス上級,ورشکستگی,varshekastegi,破産,bankruptcy,,C1
ビジネス上級,حسابرسی,hesabresi,監査,audit,,C1
ビジネス上級,اوراق بهادار,oraghe bahadar,有価証券,securities,,C1
ビジネス上級,مناقصه,monagheseh,入札,tender/bidding,,C1
ビジネス上級,بازاریابی,bazaryabi,マーケティング,marketing,,C1
ビジネス上級,برند,berand,ブランド,brand,,C1
ビジネス上級,فرانچایز,feranchayz,フランチャイズ,franchise,,C1
文学,نثر,nasr,散文,prose,,C1
文学,نظم,nazm,韻文,verse/poetry,,C1
文学,استعاره,este'are,隠喩,metaphor,,C1
文学,تشبیه,tashbih,直喩,simile,,C1
文学,کنایه,kenaye,皮肉・暗示,irony/allusion,,C1
文学,داستان کوتاه,dastane kutah,短編小説,short story,,C1
文学,رمان,roman,小説,novel,,C1
文学,شعر,sher,詩,poem,,C1
文学,غزل,ghazal,ガザル,ghazal,ペルシア抒情詩の形式,C1
文学,قصیده,ghaside,カスィーダ,qasida,ペルシア頌詩の形式,C1
文学,مثنوی,masnavi,マスナヴィー,masnavi,対句韻文形式,C1
文学,رباعی,roba'i,四行詩,quatrain,ハイヤーム形式,C1
文学,بیت,beyt,対句,couplet/verse,,C1
文学,قافیه,ghafiye,韻,rhyme,,C1
文学,وزن,vazn,韻律,meter/rhythm,,C1
文学,راوی,ravi,語り手,narrator,,C1
文学,شخصیت پردازی,shakhsiyat pardazi,人物描写,characterization,,C1
文学,طنز,tanz,風刺,satire,,C1
文学,حماسه,hamase,叙事詩,epic,,C1
文学,افسانه,afsane,伝説・神話,legend/myth,,C1
科学,آزمایش کنترل شده,azmayeshe kontrol shode,対照実験,controlled experiment,,C1
科学,مشاهده,moshahede,観察,observation,,C1
科学,فرمول,formul,公式,formula,,C1
科学,معادله,mo'adele,方程式,equation,,C1
科学,ذره,zarre,粒子,particle,,C1
科学,اتم,atom,原子,atom,,C1
科学,مولکول,molekul,分子,molecule,,C1
科学,سلول,selul,細胞,cell,,C1
科学,ژن,zhen,遺伝子,gene,,C1
科学,دی ان ای,di en ey,DNA,DNA,,C1
科学,تکامل,takamol,進化,evolution,,C1
科学,جاذبه,jazebe,引力・重力,gravity,,C1
科学,نسبیت,nesbiyat,相対性,relativity,,C1
科学,نجوم,nojum,天文学,astronomy,,C1
科学,زیست شناسی,zist shenasi,生物学,biology,,C1
科学,شیمی,shimi,化学,chemistry,,C1
科学,فیزیک,fizik,物理学,physics,,C1
科学,ریاضیات,riyaziyat,数学,mathematics,,C1
科学,زمین شناسی,zamin shenasi,地質学,geology,,C1
科学,میکروب,mikrob,微生物,microbe,,C1
哲学・思想,فلسفه,falsafe,哲学,philosophy,,C1
哲学・思想,اخلاق,akhlagh,倫理・道徳,ethics/morality,,C1
哲学・思想,وجود,vojud,存在,existence,,C1
哲学・思想,هستی,hasti,存在・宇宙,being/existence,,C1
哲学・思想,معرفت شناسی,ma'refat shenasi,認識論,epistemology,,C1
哲学・思想,هستی شناسی,hasti shenasi,存在論,ontology,,C1
哲学・思想,ایدئالیسم,ide'alism,観念論,idealism,,C1
哲学・思想,ماتریالیسم,materiyalism,唯物論,materialism,,C1
哲学・思想,عقل گرایی,aghl garayi,合理主義,rationalism,,C1
哲学・思想,تجربه گرایی,tajrobe garayi,経験主義,empiricism,,C1
哲学・思想,آگاهی,agahi,意識,consciousness,,C1
哲学・思想,اراده,erade,意志,will,,C1
哲学・思想,معنا,ma'na,意味,meaning,,C1
哲学・思想,حقیقت مطلق,haghighate motlagh,絶対的真理,absolute truth,,C1
哲学・思想,نسبی گرایی,nesbi garayi,相対主義,relativism,,C1
哲学・思想,عرفان,erfan,神秘主義,mysticism,イラン・イスラム思想の重要概念,C1
哲学・思想,تصوف,tasavvof,スーフィズム,Sufism,,C1
哲学・思想,وحدت وجود,vahdade vojud,存在一性論,unity of existence,イブン・アラビーの思想,C1
哲学・思想,ذات,zat,本質,essence,,C1
哲学・思想,صفت,sefat,属性,attribute,,C1
文語・古語,بنگر,bengar,見よ,behold (archaic),古典詩で頻出,C2
文語・古語,همانا,hamana,実に・まさに,verily/indeed,文語的強調,C2
文語・古語,اینک,inak,さあ・ここに,behold/here is,文語表現,C2
文語・古語,چونان,chunan,そのように,thus/in such a way,古典的表現,C2
文語・古語,زیرا که,zira ke,なぜならば,because (literary),= چون の文語形,C2
文語・古語,مگر,magar,もしかして・ただし,unless/perhaps,古典・文語的用法,C2
文語・古語,باری,bari,とにかく,anyway/at any rate,文語的つなぎ言葉,C2
文語・古語,والا,vala,さもなければ,otherwise (literary),= وگرنه の文語形,C2
文語・古語,بدین سان,bedin san,このように,in this manner,格式高い表現,C2
文語・古語,آنگاه,angah,その時,at that time,文語的時間表現,C2
文語・古語,پروردگار,parvardigar,神・創造主,God/Creator,文語・宗教的表現,C2
文語・古語,فرمان,farman,命令・勅令,decree/command,,C2
文語・古語,درگاه,dargah,宮廷・御前,court/threshold,宮廷・宗教文脈,C2
文語・古語,دیار,diyar,国・地方,land/country (poetic),,C2
文語・古語,یار,yar,恋人・友,beloved/companion,詩的表現,C2
文語・古語,جان,jan,魂・命,soul/life,詩的・親称表現,C2
文語・古語,دل,del,心,heart (figurative),感情の中心として,C2
文語・古語,بزم,bazm,宴,feast/banquet (literary),,C2
文語・古語,رزم,razm,戦い,battle (literary),,C2
文語・古語,خاوران,khavaran,東方,the East (literary),古典地理表現,C2
諺・慣用句,آب از آب تکان نمیخورد,ab az ab tekan nemikhord,何も変わらない,nothing changes at all,ことわざ,C2
諺・慣用句,از ماست که بر ماست,az mast ke bar mast,自業自得だ,we reap what we sow,ことわざ,C2
諺・慣用句,تا نباشد چیزکی مردم نگویند چیزها,ta nabashad chizaki mardom naguyand chizha,火のないところに煙は立たない,where there's smoke there's fire,ことわざ,C2
諺・慣用句,دست بالای دست بسیار است,dast balaye dast besyar ast,上には上がいる,there's always someone better,ことわざ,C2
諺・慣用句,هر که بامش بیش برفش بیشتر,har ke bamash bish barfash bishtar,高い地位には大きな責任が伴う,the higher the roof the more snow,ことわざ,C2
諺・慣用句,مار گزیده از ریسمان سیاه و سفید میترسد,mar gazide az risman siyah o sefid mitarsad,あつものに懲りてなますを吹く,once bitten twice shy,ことわざ,C2
諺・慣用句,سری که درد نمیکند دستمال نمیبندند,sari ke dard nemikonad dastmal nemibandand,余計なことに首を突っ込むな,don't fix what isn't broken,ことわざ,C2
諺・慣用句,با یک گل بهار نمیشود,ba yek gol bahar nemishavad,一つの成功で喜ぶな,one swallow doesn't make a summer,ことわざ,C2
諺・慣用句,کار نیکو کردن از پر کردن است,kare niko kardan az por kardan ast,習うより慣れろ,practice makes perfect,ことわざ,C2
諺・慣用句,دل به دریا زدن,del be darya zadan,思い切ってやる,to take the plunge,慣用句,C2
諺・慣用句,زیر آبی رفتن,zire abi raftan,サボる,to slack off/skip,慣用句（口語）,C2
諺・慣用句,سنگ تمام گذاشتن,sange tamam gozashtan,最善を尽くす,to go all out,慣用句,C2
諺・慣用句,دست و پا چلفتی,dast o pa chelefti,不器用な人,clumsy person,慣用句,C2
諺・慣用句,آب از سرش گذشته,ab az sarash gozashte,もう手遅れだ,it's too late/past the point of no return,慣用句,C2
諺・慣用句,سر کسی را شیره مالیدن,sare kasi ra shire malidan,人を騙す・ごまかす,to deceive/fool someone,慣用句,C2
諺・慣用句,دست کسی را خواندن,daste kasi ra khandan,人の本心を見抜く,to see through someone,慣用句,C2
諺・慣用句,پشت کسی را خالی کردن,poshte kasi ra khali kardan,裏切る,to abandon/betray,慣用句,C2
諺・慣用句,چشم و هم چشمی,cheshm o ham cheshmi,見栄を張ること,keeping up with the Joneses,慣用句,C2
諺・慣用句,آستین بالا زدن,astin bala zadan,腕まくりする・本気で取り組む,to roll up one's sleeves,慣用句,C2
諺・慣用句,زیر سبیلی رد کردن,zire sibili rad kardan,見て見ぬふりをする,to turn a blind eye,慣用句,C2
専門用語,حقوق بین الملل,hoghuqhe baynolmelal,国際法,international law,,C2
専門用語,جرم شناسی,jorm shenasi,犯罪学,criminology,,C2
専門用語,مردم شناسی,mardom shenasi,人類学,anthropology,,C2
専門用語,زبان شناسی,zaban shenasi,言語学,linguistics,,C2
専門用語,جامعه شناسی,jame'e shenasi,社会学,sociology,,C2
専門用語,اقتصاد کلان,eghtesade kalan,マクロ経済学,macroeconomics,,C2
専門用語,اقتصاد خرد,eghtesade khord,ミクロ経済学,microeconomics,,C2
専門用語,ژئوپلیتیک,zheopolitik,地政学,geopolitics,,C2
専門用語,اپیدمیولوژی,epidemiolozhi,疫学,epidemiology,,C2
専門用語,نانوتکنولوژی,nanotaknolozhi,ナノテクノロジー,nanotechnology,,C2
専門用語,بیوتکنولوژی,bioteknolozhi,バイオテクノロジー,biotechnology,,C2
専門用語,هرمنوتیک,hermenotik,解釈学,hermeneutics,,C2
専門用語,ساختارگرایی,sakhtar garayi,構造主義,structuralism,,C2
専門用語,پسا ساختارگرایی,pasa sakhtar garayi,ポスト構造主義,post-structuralism,,C2
専門用語,پدیدارشناسی,padidarshenasi,現象学,phenomenology,,C2
専門用語,گفتمان,gofteman,ディスコース・言説,discourse,,C2
専門用語,پارادایم,paradigm,パラダイム,paradigm,,C2
専門用語,روایت شناسی,revayat shenasi,ナラトロジー,narratology,,C2
専門用語,نشانه شناسی,neshane shenasi,記号学,semiotics,,C2
専門用語,معرفت شناسی اجتماعی,ma'refat shenasiye ejtemai,社会認識論,social epistemology,,C2
詩的表現,شبنم,shabnam,露,dew (poetic),詩的・美的表現,C2
詩的表現,سحر,sahar,夜明け,dawn (poetic),詩的時間表現,C2
詩的表現,فلک,falak,天空・運命,firmament/fate,古典詩の定番語,C2
詩的表現,مهتاب,mahtab,月光,moonlight,,C2
詩的表現,گلشن,golshan,花園,flower garden (poetic),詩的表現,C2
詩的表現,بوستان,bustan,果樹園,orchard (poetic),サアディーの作品名でも有名,C2
詩的表現,گلستان,golestan,バラ園,rose garden,サアディーの作品名でも有名,C2
詩的表現,دلبر,delbar,心を奪う人,beloved/sweetheart,詩的恋愛表現,C2
詩的表現,جانان,janan,最愛の人,dearest/beloved,詩的恋愛表現,C2
詩的表現,ساقی,saghi,杯を注ぐ人,cupbearer,ハーフェズ詩の重要概念,C2
詩的表現,می,mey,ワイン,wine (poetic),詩的・スーフィー的象徴,C2
詩的表現,مستی,masti,陶酔,intoxication (poetic),精神的酩酊の象徴,C2
詩的表現,زلف,zolf,巻き毛・髪,tresses/curls,詩的美の表現,C2
詩的表現,نرگس,narges,水仙,narcissus,詩で目の比喩に使う,C2
詩的表現,سرو,sarv,糸杉,cypress,詩で背の高さ・美の比喩,C2
詩的表現,بلبل,bolbol,ナイチンゲール,nightingale,詩でバラの恋人,C2
詩的表現,پیاله,piyale,杯,goblet/cup (poetic),詩的飲酒表現,C2
詩的表現,فراق,feragh,別離,separation/parting,詩的・文学的表現,C2
詩的表現,وصال,vesal,再会・合一,union/reunion,詩的・神秘的表現,C2
詩的表現,شوق,showgh,熱望,longing/passion,詩的感情表現,C2
修辞学,بلاغت,balaghat,修辞学,rhetoric,,C2
修辞学,فصاحت,fasahat,雄弁,eloquence,,C2
修辞学,مجاز,majaz,比喩的表現,figurative expression,,C2
修辞学,ایجاز,ijaz,簡潔な表現,conciseness/brevity,,C2
修辞学,اطناب,etnab,冗長な表現,prolixity/verbosity,,C2
修辞学,مبالغه,mobaleghe,誇張,hyperbole,,C2
修辞学,تضاد,tazad,対比,contrast/antithesis,,C2
修辞学,تلمیح,talmih,典故引用,literary allusion,,C2
修辞学,حسن تعلیل,hosne ta'lil,美しい理由付け,poetic rationalization,修辞技法,C2
修辞学,تکرار,tekrar,反復,repetition,,C2
修辞学,جناس,jenas,語呂合わせ,paronomasia/pun,修辞技法,C2
修辞学,واج آرایی,vaj arayi,頭韻法,alliteration,修辞技法,C2
微妙なニュアンス,خواهش میکنم,khahesh mikonam,どういたしまして,you're welcome,丁寧・フォーマル,C2
微妙なニュアンス,قربانت,ghorbaanat,どういたしまして,at your service,口語・親しい間柄,C2
微妙なニュアンス,الهی,elahi,神様,O God,祈りの導入表現,C2
微妙なニュアンス,ان شاء الله,insha'allah,神の御心のままに,God willing,未来の予定に必ず付ける,C2
微妙なニュアンス,ماشاءالله,masha'allah,すばらしい,praise God,称賛・邪視除け,C2
微妙なニュアンス,خدا نکنه,khoda nakone,そんなことがありませんように,God forbid,,C2
微妙なニュアンス,قربان شما,ghorbane shoma,あなたの犠牲になります,at your service (formal),最上級の丁寧表現,C2
微妙なニュアンス,نوکرتم,nokaretam,私はあなたの召使い,I'm your servant,男性の謙譲表現（口語）,C2
微妙なニュアンス,چاکرتم,chakaretam,私はあなたの下僕,I'm your humble servant,男性の非常に丁寧な表現,C2
微妙なニュアンス,فدات بشم,fadat besham,あなたのために犠牲になる,I'd sacrifice myself for you,女性が使う親愛表現,C2
微妙なニュアンス,تعارف,ta'arof,お世辞・社交辞令,ta'arof,イラン文化の核心概念,C2
微妙なニュアンス,رودربایستی,rudervayesti,遠慮・気兼ね,shyness/reserve,ta'arofに関連する概念,C2
微妙なニュアンス,بفرمایید,befarmaeid,どうぞ,please (formal),多用途の敬語表現,C2
微妙なニュアンス,زحمت کشیدن,zahmat keshidan,ご面倒をおかけする,to take trouble,丁寧な依頼表現,C2
微妙なニュアンス,خسته نباشید,khaste nabashid,お疲れさまです,may you not be tired,労いの挨拶表現,C2
微妙なニュアンス,دست شما درد نکنه,daste shoma dard nakone,ありがとう（手を煩わせて）,may your hand not hurt,感謝の口語表現,C2
微妙なニュアンス,سلامت باشید,salamat bashid,お元気で,may you be healthy,別れの丁寧表現,C2
微妙なニュアンス,عزیز دل,azize del,大切な人,dear to one's heart,親密な呼びかけ,C2
交通,سرعت,sor'at,速度,speed,,A2
交通,سرعت گیر,sor'at gir,スピードバンプ,speed bump,,A2
交通,عوارضی,avarezi,料金所,toll booth,,A2
交通,لاستیک,lastik,タイヤ,tire,,A2
交通,آیینه بغل,ayineye baghal,サイドミラー,side mirror,,A2
交通,صندلی عقب,sandaliye aghab,後部座席,back seat,,A2
交通,مسیر,masir,ルート・経路,route/path,,A2
買い物,امانت,amanat,預かり物,deposit/trust,,A2
買い物,برچسب,barchasb,ラベル・タグ,label/tag,,A2
買い物,کیسه,kise,袋,bag/sack,,A2
買い物,تازه,taze,新鮮,fresh,,A2
買い物,اصل,asl,本物,genuine/original,,A2
買い物,تقلبی,taghallobi,偽物,fake/counterfeit,,A2
買い物,فاکتور,faktor,請求書,invoice,,A2
趣味・スポーツ,کشتی گیری,koshtigiri,レスリング,wrestling,,A2
趣味・スポーツ,وزنه برداری,vazne bardari,重量挙げ,weightlifting,,A2
趣味・スポーツ,سوارکاری,savarkari,乗馬,horse riding,,A2
趣味・スポーツ,پینگ پنگ,ping pong,卓球,table tennis,,A2
趣味・スポーツ,اسکیت,eskeyt,スケート,skating,,A2
趣味・スポーツ,عروسک,arusak,人形,doll,,A2
趣味・スポーツ,سازه,saze,楽器,instrument,,A2
趣味・スポーツ,تار,tar,タール,tar,イランの弦楽器,A2
趣味・スポーツ,سنتور,santur,サントゥール,santur,イランの打弦楽器,A2
趣味・スポーツ,کمانچه,kamanche,カマンチェ,kamanche,イランの擦弦楽器,A2
職業,داور,davar,審判,referee,,A2
職業,مربی,morabi,コーチ,coach/trainer,,A2
職業,راهنمای تور,rahnamaye tur,ツアーガイド,tour guide,,A2
職業,باغبان,baghban,庭師,gardener,,A2
職業,نجار,najjar,大工,carpenter,,A2
場所・建物,ورودی,vorudi,入口,entrance,,A2
場所・建物,خروجی,khoruji,出口,exit,,A2
場所・建物,پنجره,panjare,窓,window,,A2
場所・建物,سقف,saghf,天井・屋根,ceiling/roof,,A2
場所・建物,کف,kaf,床,floor (surface),,A2
場所・建物,نرده,narde,手すり,railing/banister,,A2
場所・建物,حصار,hesar,フェンス・囲い,fence/wall,,A2
場所・建物,دروازه,darvaze,門,gate,,A2
場所・建物,پاساژ,pasazh,アーケード,arcade/passage,,A2
場所・建物,اداره,edare,役所・オフィス,office (government),,A2
場所・建物,شهرداری,shahrdari,市役所,city hall/municipality,,A2
社会,حکومت,hokumat,統治・政権,governance/regime,,B1
社会,اقلیت,aghalliyat_b1,少数者,minority,,B1
社会,دادگستری,dadgostari,司法,judiciary,,B1
社会,وزارت,vezarat,省庁,ministry,,B1
社会,وزیر,vazir,大臣,minister,,B1
社会,سفارت,sefarat_b1,大使館,embassy,,B1
社会,معترض,mo'tarez,抗議者,protester,,B1
社会,گروگان,garugan,人質,hostage,,B1
社会,ترور,teror,テロ,terrorism,,B1
社会,امنیت,amniyat,安全・治安,security,,B1
教育,آموزشگاه,amuzeshgah,学校・教室,institute/school,,B1
教育,هنرستان,honarestan,専門学校,vocational school,,B1
教育,دبیرستان,dabirestan,高校,high school,,B1
教育,دبستان,dabestan,小学校,elementary school,,B1
教育,راهنمایی,rahnemayi,中学校,middle school,,B1
教育,حوزه علمیه,howze elmiye,宗教学校,seminary,イスラム神学校,B1
教育,زنگ تفریح,zange tafrih,休み時間,recess,,B1
教育,دفترچه,daftarche,小さいノート,small notebook,,B1
教育,تخته سیاه,takhte siyah,黒板,blackboard,,B1
教育,پروژه تحقیقاتی,prozhehe tahghighati,研究プロジェクト,research project,,B1
医療・健康,کرونا,korona,コロナ,corona/COVID,,B1
医療・健康,ماسک,mask,マスク,mask,,B1
医療・健康,ضدعفونی,zedde ofuni,消毒,disinfection,,B1
医療・健康,قرنطینه,gharantine,隔離・検疫,quarantine,,B1
医療・健康,شکستگی,shekastegi,骨折,fracture,,B1
医療・健康,بخیه,bakhiye,縫合,stitches/suture,,B1
医療・健康,گچ,gach,ギプス,cast/plaster,,B1
医療・健康,قرص,ghors,錠剤,pill/tablet,,B1
医療・健康,آمپول,ampul,注射,injection/ampoule,,B1
医療・健康,بستری,bastari,入院,hospitalized,,B1
環境,سوخت فسیلی,sukhte fosili,化石燃料,fossil fuel,,B1
環境,انرژی بادی,enerjiye badi,風力エネルギー,wind energy,,B1
環境,بازگردانی,bazgardani,再生,restoration,,B1
環境,پسماند,pasmand,廃棄物,waste/residue,,B1
環境,آلودگی هوا,aludegiye hava,大気汚染,air pollution,,B1
環境,آلودگی آب,aludegiye ab,水質汚染,water pollution,,B1
環境,اقلیم,eghlim,気候帯,climate zone,,B1
環境,زیستگاه,zistgah,生息地,habitat,,B1
経済,تراز تجاری,taraze tejari,貿易収支,trade balance,,B2
経済,ارزش افزوده,arzeshe afzude,付加価値,added value,,B2
経済,زنجیره تامین,zanjireye ta'min,サプライチェーン,supply chain,,B2
経済,بهره وری,bahrevari,生産性,productivity,,B2
経済,تنظیم مقررات,tanzime moghararat,規制,regulation,,B2
経済,مالیات بر ارزش افزوده,maliyat bar arzeshe afzude,付加価値税,value-added tax (VAT),,B2
経済,تراکنش,tarakonesh,取引,transaction,,B2
経済,اعتبار,etebare,信用,credit,,B2
経済,ارز دیجیتال,arze dijital,暗号通貨,cryptocurrency,,B2
経済,صندوق بین المللی پول,sandughe baynolmelali pul,IMF,International Monetary Fund,,B2
経済,نوسان,navasan,変動,fluctuation,,B2
経済,عرضه اولیه,arzeye avaliye,IPO,initial public offering,,B2
心理,روان,ravan,精神,psyche/mind,,B2
心理,خودآگاه,khodagah,自覚的,self-conscious,,B2
心理,درون نگر,darun negar,内向的,introverted,,B2
心理,برون گرا,borun gara,外向的,extroverted,,B2
心理,سازگاری,sazgari,適応,adaptation,,B2
心理,پرخاشگری,parkhashgari,攻撃性,aggression,,B2
心理,عزت نفس,ezzate nafs,自尊心,self-esteem,,B2
心理,خودکارآمدی,khodkaramadi,自己効力感,self-efficacy,,B2
心理,تاب آوری,tab avari,レジリエンス,resilience,,B2
心理,سوگ,sug,喪・悲嘆,grief/mourning,,B2
メディア,بازنشر,baznashr,リポスト・再公開,repost/republish,,B2
メディア,محتوا,mohtava,コンテンツ,content,,B2
メディア,لایو,layv,ライブ配信,live stream,,B2
メディア,هشتگ,hashteg,ハッシュタグ,hashtag,,B2
メディア,فالوور,falover,フォロワー,follower,,B2
メディア,اینفلوئنسر,influencer,インフルエンサー,influencer,,B2
メディア,الگوریتم,algoritem,アルゴリズム,algorithm,,B2
メディア,فیلترینگ,filtering,フィルタリング,filtering,イランのネット検閲,B2
メディア,وی پی ان,vi pi en,VPN,VPN,イランで広く使用,B2
メディア,ربات,robat,ボット,bot,,B2
メディア,پخش زنده,pakhshe zende,生放送,live broadcast,,B2
メディア,بازخورد,bazkhord,フィードバック,feedback,,B2
法律・政治,جمهوری اسلامی,jomhuriye eslami,イスラム共和制,Islamic Republic,,C1
法律・政治,ولایت فقیه,velayate faghih,法学者の統治,guardianship of jurist,イラン政治の中核概念,C1
法律・政治,رهبر,rahbar,最高指導者,supreme leader,,C1
法律・政治,شورای نگهبان,shoraye negahban,護憲評議会,Guardian Council,,C1
法律・政治,مجلس خبرگان,majlese khobregan,専門家会議,Assembly of Experts,,C1
法律・政治,مجمع تشخیص مصلحت,majma'e tashkhise maslehat,公益判別会議,Expediency Council,,C1
法律・政治,بسیج,basij,バスィージ,Basij,動員組織,C1
法律・政治,سپاه پاسداران,sepahe pasdaran,革命防衛隊,IRGC,イラン革命防衛隊,C1
法律・政治,پارلمان,parleman,議会,parliament (general),,C1
法律・政治,مشروطه,mashruteh,立憲制,constitutionalism,イラン立憲革命の概念,C1
法律・政治,عدالت اجتماعی,edalate ejtemai,社会正義,social justice,,C1
法律・政治,حقوق شهروندی,hoghuqhe shahrvandi,市民権,citizenship rights,,C1
ビジネス上級,کارخانه,karkhane,工場,factory,,C1
ビジネス上級,تولید,tolid,生産,production,,C1
ビジネス上級,توزیع,towzi,流通・配布,distribution,,C1
ビジネス上級,مصرف کننده,masraf konande,消費者,consumer,,C1
ビジネス上級,خرده فروشی,khorde forushi,小売,retail,,C1
ビジネス上級,عمده فروشی,omde forushi,卸売,wholesale,,C1
ビジネス上級,زیرساخت,zirsakhte,インフラ,infrastructure,,C1
ビジネス上級,بهینه سازی,behine sazi,最適化,optimization,,C1
ビジネス上級,نوآوری,noavari,イノベーション,innovation,,C1
ビジネス上級,مالکیت فکری,malekiyate fekri,知的財産,intellectual property,,C1
ビジネス上級,قاچاق,ghachagh,密輸,smuggling,,C1
ビジネス上級,ذینفع,zinaf',ステークホルダー,stakeholder,,C1
ビジネス上級,چشم انداز,cheshm andaz,ビジョン・展望,vision/outlook,,C1
ビジネス上級,ماموریت,ma'muriyat,ミッション,mission,,C1
ビジネス上級,شعبه,sho'be,支店,branch (office),,C1
文学,تراژدی,terazhedai,悲劇,tragedy,,C1
文学,کمدی,komedi,喜劇,comedy,,C1
文学,روایت,revayat,物語・ナラティブ,narrative,,C1
文学,نماد,namad,象徴,symbol,,C1
文学,نمادگرایی,namadgarayi,象徴主義,symbolism,,C1
文学,ادبیات,adabiyat,文学,literature,,C1
文学,ادبیات معاصر,adabiyate mo'aser,現代文学,contemporary literature,,C1
文学,منتقد,montaghed,批評家,critic,,C1
文学,نقد ادبی,naghde adabi,文芸批評,literary criticism,,C1
文学,سبک,sabk,文体・スタイル,style,,C1
文学,صحنه,sahne,場面,scene,,C1
文学,فضا,faza,雰囲気・空間,atmosphere/space,,C1
文学,پیرنگ,pirang,プロット,plot,,C1
文学,درونمایه,darunmaye,テーマ,theme,,C1
文学,ضد قهرمان,zedde ghahreman,反英雄,anti-hero,,C1
科学,طیف,teyf,スペクトル,spectrum,,C1
科学,حلال,halal_s,溶媒,solvent,,C1
科学,محلول,mahlul,溶液,solution (chemical),,C1
科学,واکنش شیمیایی,vakoneshe shimiyayi,化学反応,chemical reaction,,C1
科学,کاتالیزور,katalizor,触媒,catalyst,,C1
科学,پلیمر,polimer,ポリマー,polymer,,C1
科学,پروتئین,protein,タンパク質,protein,,C1
科学,آنزیم,anzim,酵素,enzyme,,C1
科学,بافت,baft,組織（生物学）,tissue,,C1
科学,اندام,andam,臓器・器官,organ,,C1
科学,فوتون,foton,光子,photon,,C1
科学,الکترون,elektron,電子,electron,,C1
科学,پروتون,proton,陽子,proton,,C1
科学,نوترون,notron,中性子,neutron,,C1
科学,نیمه رسانا,nime rasana,半導体,semiconductor,,C1
科学,ماده تاریک,maddeye tarik,暗黒物質,dark matter,,C1
科学,سیاهچاله,siyahchale,ブラックホール,black hole,,C1
科学,کهکشان,kahkashan,銀河,galaxy,,C1
科学,منظومه شمسی,manzumeye shamsi,太陽系,solar system,,C1
科学,اقیانوس شناسی,oghyanus shenasi,海洋学,oceanography,,C1
哲学・思想,زیبایی شناسی,zibayi shenasi,美学,aesthetics,,C1
哲学・思想,منطق,mantegh,論理学,logic,,C1
哲学・思想,مغالطه,moghlateh,詭弁・誤謬,fallacy,,C1
哲学・思想,اختیار,ekhtiyar,自由意志,free will,,C1
哲学・思想,جبر,jabr,決定論・宿命,determinism,,C1
哲学・思想,تناقض,tanaghoz,矛盾,contradiction,,C1
哲学・思想,پارادوکس,paradoks,パラドックス,paradox,,C1
哲学・思想,تاویل,ta'vil,解釈・解釈学,interpretation,,C1
哲学・思想,فضیلت,fazilat,美徳,virtue,,C1
哲学・思想,رذیلت,razilat,悪徳,vice,,C1
哲学・思想,سعادت,sa'adat,至福,felicity/happiness,,C1
哲学・思想,حکمت,hekmat,知恵・叡智,wisdom,,C1
哲学・思想,برهان,borhan,証明・論証,proof/demonstration,,C1
哲学・思想,استقرا,esteghray,帰納法,induction,,C1
哲学・思想,قیاس,ghiyas,演繹法,deduction,,C1
文語・古語,آفرین,afarin,賞賛・よくやった,bravo/well done,文語的称賛,C2
文語・古語,گویا,guya,あたかも,as if/apparently,文語的表現,C2
文語・古語,زنهار,zenhar,注意せよ,beware (archaic),古典的警告,C2
文語・古語,فرخنده,farkhonde,吉兆の,auspicious,文語的形容詞,C2
文語・古語,نیکو,niku,美しい・善い,good/beautiful (literary),= خوب の文語形,C2
文語・古語,شایسته,shayeste,ふさわしい,worthy/deserving,文語的表現,C2
文語・古語,پاینده,payande,永遠の,everlasting,文語的形容詞,C2
文語・古語,بنده,bande,私（謙譲語）,servant/I (humble),= من の丁寧な文語形,C2
文語・古語,سرور,sorur,喜び,joy/delight (literary),,C2
文語・古語,اندوه,anduh,悲嘆,grief/sorrow (literary),= غم の文語形,C2
諺・慣用句,تو دل بودن,tu del budan,気が合う,to click with someone,慣用句,C2
諺・慣用句,خون کسی را به جوش آوردن,khune kasi ra be jush avardan,激怒させる,to make someone's blood boil,慣用句,C2
諺・慣用句,دست از سر کسی برداشتن,dast az sare kasi bardastan,ほっておく,to leave someone alone,慣用句,C2
諺・慣用句,گوشش بدهکار نیست,gushash bedehkar nist,聞く耳を持たない,to turn a deaf ear,慣用句,C2
諺・慣用句,روی کسی حساب کردن,ruye kasi hesab kardan,頼りにする,to count on someone,慣用句,C2
諺・慣用句,حرف خود را پس گرفتن,harfe khod ra pas gereftan,前言を撤回する,to take back one's words,慣用句,C2
諺・慣用句,دست به عصا راه رفتن,dast be asa rah raftan,慎重に行動する,to proceed cautiously,慣用句,C2
諺・慣用句,نمک خوردن و نمکدان شکستن,namak khordan o namakdan shekastan,恩を仇で返す,to bite the hand that feeds you,ことわざ,C2
諺・慣用句,مرغ همسایه غازه,morghe hamsaye ghaze,隣の芝生は青い,neighbor's chicken is a goose,ことわざ,C2
諺・慣用句,هر چه بگندد نمکش میزنند,har che begandad namakash mizanand,腐ったものには塩を振る,ことわざ,C2
専門用語,روانکاوی,ravankhavi,精神分析,psychoanalysis,,C2
専門用語,شناخت درمانی,shenakht darmani,認知療法,cognitive therapy,,C2
専門用語,رفتاردرمانی,raftar darmani,行動療法,behavioral therapy,,C2
専門用語,عصب شناسی,asab shenasi,神経科学,neuroscience,,C2
専門用語,ژنتیک,zhenetik,遺伝学,genetics,,C2
専門用語,بوم شناسی,bum shenasi,生態学,ecology,,C2
専門用語,فراروایت,fararevayat,大きな物語,grand narrative/metanarrative,ポストモダン用語,C2
専門用語,بینامتنیت,baynamatniyat,間テクスト性,intertextuality,,C2
専門用語,شالوده شکنی,shalude shekani,脱構築,deconstruction,デリダの用語,C2
専門用語,پسااستعماری,pasa este'mari,ポストコロニアル,postcolonial,,C2
詩的表現,سپیده دم,sepide dam,暁,daybreak/dawn,詩的時間表現,C2
詩的表現,شامگاه,shamgah,黄昏,evening (poetic),,C2
詩的表現,غروب,ghorub,日没,sunset,,C2
詩的表現,طلوع,tolu',日の出,sunrise,,C2
詩的表現,آتشکده,atashkade,拝火殿,fire temple,ゾロアスター教の聖所,C2
詩的表現,خم,khom,酒壺,wine jar (poetic),詩的飲酒表現,C2
詩的表現,عنقا,angha,不死鳥,phoenix (mythical),ペルシア神話の鳥,C2
詩的表現,سیمرغ,simorgh,シームルグ,Simorgh,ペルシア神話の聖鳥,C2
詩的表現,خضر,khezr,ヘズル,Khidr,永遠の命の象徴,C2
詩的表現,آب حیات,abe hayat,生命の水,water of life,永遠の命の象徴,C2
修辞学,حذف,hazf,省略,ellipsis/omission,,C2
修辞学,التفات,eltefat,転換法,apostrophe (rhetoric),,C2
修辞学,استفهام انکاری,estefhame enkari,修辞的疑問,rhetorical question,,C2
修辞学,اغراق,eghragh,極端な誇張,exaggeration,,C2
修辞学,حس آمیزی,hess amizi,共感覚,synesthesia,五感の混合表現,C2
修辞学,تمثیل,tamsil,寓話・比喩,allegory,,C2
微妙なニュアンス,الحمدلله,alhamdolellah,おかげさまで,praise be to God,感謝の宗教的表現,C2
微妙なニュアンス,استغفرالله,astaghforellah,とんでもない,God forgive me,否定・驚きの表現,C2
微妙なニュアンス,یا ابوالفضل,ya abolfazl,助けて,O Abolfazl,驚き・恐怖時の叫び,C2
交通,کامیون,kamiyon,トラック,truck,,A2
交通,وانت,vanet,ピックアップトラック,pickup truck,,A2
交通,آمبولانس,ambulanse,救急車,ambulance (vehicle),,A2
交通,ترمز,tormoz,ブレーキ,brake,,A2
交通,فرمان,farmane,ハンドル,steering wheel,,A2
交通,دنده,dande,ギア,gear,,A2
交通,باک,bak,燃料タンク,fuel tank,,A2
交通,شماره پلاک,shomare pelak,ナンバープレート,license plate,,A2
感情・気持ち,محبت,mohabbat,愛情,affection,,A2
感情・気持ち,لذت,lezzat,喜び・快楽,pleasure,,A2
趣味・スポーツ,کاراته,karate,空手,karate,,A2
趣味・スポーツ,تکواندو,takvando,テコンドー,taekwondo,,A2
社会,نماینده,namayande,代議士・代表,representative,,B1
社会,خدمت سربازی,khedmate sarbazi,兵役,military service,,B1
社会,سازمان ملل,sazmane melal,国連,United Nations,,B1
社会,پیمان,peyman,協定,pact/agreement,,B1
社会,حزب,hezb,政党,political party,,B1
社会,تفکیک قوا,tafkike ghova,三権分立,separation of powers,,B1
社会,استقلال,esteqlal,独立,independence,,B1
社会,وحدت,vahdat,統一,unity,,B1
社会,مبارزه,mobareze,闘争,struggle,,B1
社会,اصلاحات,eslahat,改革,reforms,,B1
教育,آزمون,azmun,テスト,test/exam,,B1
教育,پاسخ نامه,pasokh name,解答用紙,answer sheet,,B1
教育,نمایش,namayesh,発表・展示,presentation/exhibition,,B1
教育,سمینار,seminar,セミナー,seminar,,B1
教育,کارگاه,kargah,ワークショップ,workshop,,B1
教育,مشاور,moshavor,カウンセラー・アドバイザー,counselor/advisor,,B1
医療・健康,متخصص,motakhasese,専門医,specialist,,B1
医療・健康,عوارض جانبی,avareze janebi,副作用,side effects,,B1
医療・健康,مراقبت,moraghebet,ケア・看護,care,,B1
医療・健康,بهداشت,behdasht,衛生,hygiene,,B1
経済,سرمایه داری,sarmayedari,資本主義,capitalism,,B2
経済,سوسیالیسم,sosiyalism,社会主義,socialism,,B2
経済,کمونیسم,komunism,共産主義,communism,,B2
経済,حباب اقتصادی,hobabe eghtesadi,経済バブル,economic bubble,,B2
経済,رکود تورمی,rokude tavorromi,スタグフレーション,stagflation,,B2
経済,تنوع بخشی,tanavvo' bakhshi,多角化,diversification,,B2
経済,بهره بانکی,bahreye banki,銀行金利,bank interest rate,,B2
経済,اقتصاد مقاومتی,eghtesade moghavemati,抵抗経済,resistance economy,イランの経済政策用語,B2
心理,فوبیا,fobiya,恐怖症,phobia,,B2
心理,تروما,torowma,トラウマ,trauma,,B2
心理,روان درمانی,ravan darmani,心理療法,psychotherapy,,B2
心理,مکانیزم دفاعی,mekanisme defa'i,防衛機制,defense mechanism,,B2
心理,فرافکنی,farafkani,投影,projection (psychology),,B2
心理,واپس زنی,vapas zani,抑圧,repression (psychology),,B2
心理,جامعه پذیری,jame'e paziri,社会化,socialization,,B2
メディア,رسانه جمعی,resaneye jam'i,マスメディア,mass media,,B2
メディア,سواد رسانه ای,savade resane'i,メディアリテラシー,media literacy,,B2
メディア,اخبار جعلی,akhbare ja'li,フェイクニュース,fake news,,B2
メディア,روایت رسانه ای,revayate resane'i,メディアナラティブ,media narrative,,B2
メディア,تولید محتوا,tolide mohtava,コンテンツ制作,content creation,,B2
科学,آنتی بادی,anti badi,抗体,antibody,,C1
科学,ایمنی شناسی,imeni shenasi,免疫学,immunology,,C1
科学,مهندسی ژنتیک,mohandesi zhenetik,遺伝子工学,genetic engineering,,C1
科学,فضاپیما,fazapeyma,宇宙船,spacecraft,,C1
科学,ماهواره,mahvare,衛星,satellite,,C1
科学,موج گرانشی,mowje geraneshi,重力波,gravitational wave,,C1
科学,ابررسانا,abar rasana,超伝導体,superconductor,,C1
科学,ترمودینامیک,termodinamik,熱力学,thermodynamics,,C1
科学,مکانیک کوانتومی,mekanike kuantomi,量子力学,quantum mechanics,,C1
科学,نسبیت عام,nesbiyate am,一般相対性理論,general relativity,,C1
哲学・思想,نهیلیسم,nihilism,ニヒリズム,nihilism,,C1
哲学・思想,اگزیستانسیالیسم,egzistansiyalism,実存主義,existentialism,,C1
哲学・思想,پراگماتیسم,peragmatism,プラグマティズム,pragmatism,,C1
哲学・思想,اومانیسم,omanizm,ヒューマニズム,humanism,,C1
哲学・思想,یوتوپیا,utopiya,ユートピア,utopia,,C1
哲学・思想,دیستوپیا,distopiya,ディストピア,dystopia,,C1
哲学・思想,پلورالیسم,ploralism,多元主義,pluralism,,C1
哲学・思想,سکولاریسم,sekularism,世俗主義,secularism,,C1
法律・政治,نظام حقوقی,nezame hoghuqi,法体系,legal system,,C1
法律・政治,حقوق بشردوستانه,hoghuqhe bashardoostane,国際人道法,humanitarian law,,C1
法律・政治,دیوان بین المللی دادگستری,divane baynolmelali dadgostari,国際司法裁判所,International Court of Justice,,C1
法律・政治,حق وتو,haqqe veto,拒否権,veto power,,C1
法律・政治,جنبش,jonbesh,運動（政治的）,movement,,C1
法律・政治,انقلاب,enghelab,革命,revolution,,C1
法律・政治,کودتا,kudeta,クーデター,coup d'etat,,C1
文学,ادبیات تطبیقی,adabiyate tatbighi,比較文学,comparative literature,,C1
文学,واقع گرایی,vaghe'garayi,リアリズム,realism,,C1
文学,رمانتیسم,romantism,ロマン主義,romanticism,,C1
文学,مدرنیسم,modernism,モダニズム,modernism,,C1
文学,پست مدرنیسم,postmodernism,ポストモダニズム,postmodernism,,C1
経済,کسری بودجه,kosriye budje,財政赤字,budget deficit,,B2
経済,مازاد تجاری,mazade tejari,貿易黒字,trade surplus,,B2
経済,اوراق قرضه,oraghe gharzeh,国債,government bonds,,B2
経済,نقد شوندگی,naghd shavandegi,換金性,convertibility,,B2
経済,واحد پولی,vahede puli,通貨単位,monetary unit,,B2
経済,تسهیلات,tashilat,融資・便宜,facilities/loans,,B2
経済,اقتصاد دیجیتال,eghtesade dijital,デジタル経済,digital economy,,B2
経済,استارتاپ,estartan,スタートアップ,startup,,B2
科学,فوتوسنتز,fotosentez,光合成,photosynthesis,,C1
科学,اسمز,osmoz,浸透,osmosis,,C1
科学,میتوکندری,mitokondri,ミトコンドリア,mitochondria,,C1
科学,کروموزوم,kromosom,染色体,chromosome,,C1
科学,جهش,jahesh,突然変異,mutation,,C1
科学,انتخاب طبیعی,entekhabe tabi'i,自然選択,natural selection,,C1
科学,زیست فناوری,zist fanavari,バイオテクノロジー,biotechnology (alt),,C1
科学,نانو ذره,nano zarre,ナノ粒子,nanoparticle,,C1
